code,name,category,revenue_yoy_growth,profit_loss_yoy_growth,roe,eps,composite_score
6084,STAR MEDIA GROUP BERHAD,Media,8.561020036429866,4364.285714285715,0.4,0.35,1312.0040202966434
5243,VELESTO ENERGY BERHAD,"Energy, Infrastructure, Equipment & Services",21.8533886583679,3475.0,1.9,0.52,1049.5400165975104
8206,ECO WORLD DEVELOPMENT GROUP BERHAD,Property,-24.393132030787445,2427.2727272727275,1.7,2.83,721.7698785725821
3611,PARAGON GLOBE BERHAD,Property,257.3099415204678,2092.7710843373493,2.9,1.22,705.8483077573452
5238,AirAsia X Berhad,"Travel, Leisure & Hospitality",22.60950030845157,2071.4285714285716,37.0,27.2,641.0514215211069
0041,HONG SENG CONSOLIDATED BERHAD,Software,2069.811320754717,-200.0,-0.5,-0.03,560.8373962264151
2097,META BRIGHT GROUP BERHAD,"Travel, Leisure & Hospitality",464.4230769230769,1059.0296495956875,1.5,0.17,457.36981795562934
2569,SUNGEI BAGAN RUBBER COMPANY (MALAYA) BERHAD,Plantation,5.785123966942152,1286.6666666666667,3.0,31.4,394.61553719008265
7579,AWC BERHAD,Industrial Services,6.3063063063063085,1227.62312633833,3.0,1.92,371.16282979339087
7211,TAFI INDUSTRIES BERHAD,Houshold Goods,82.99319727891157,1084.8341232227488,2.9,0.66,351.0601961504981
0270,NATIONGATE HOLDINGS BERHAD,"Industrial Materials, Components & Equipment",745.4106280193237,169.364161849711,5.1,2.05,275.8624369607104
2453,KLUANG RUBBER COMPANY (MALAYA) BERHAD,Plantation,8.629441624365475,716.6666666666666,1.9,23.61,222.69083248730962
5020,GLOMAC BERHAD,Property,1.0752688172043,728.1573498964804,0.3,0.52,218.9337856141054
3743,SUNSURIA BERHAD,Property,-13.283922462941844,733.3333333333334,1.0,1.11,216.43682326111744
6815,EUPE CORPORATION BERHAD,Property,137.55760368663596,572.7272727272727,2.9,10.08,215.6814629241726
5115,ALAM MARITIM RESOURCES BERHAD,"Energy, Infrastructure, Equipment & Services",553.8720538720539,185.18518518518516,-50.0,0.5,211.8171717171717
0198,GDB HOLDINGS BERHAD,Construction,-9.999999999999998,685.7142857142857,5.9,1.18,204.1302857142857
5025,AURO HOLDINGS BERHAD,Wood & Wood Products,636.0,-16.666666666666675,-5.2,-0.23,184.714
6718,CRESCENDO CORPORATION BERHAD,Property,127.11198428290764,472.22222222222223,7.3,12.28,183.71626195153894
5113,RIMBUNAN SAWIT BERHAD,Plantation,3.963198867657458,554.0000000000001,8.4,1.6,169.38895966029725
5070,PROTASCO BERHAD,Construction,40.1491609695463,509.6774193548387,6.2,3.93,166.9739740973155
4456,DAGANG NEXCHANGE BERHAD,Digital Services,420.7920792079208,133.33333333333334,0.5,0.26,166.38962376237623
7094,EUROSPAN HOLDINGS BERHAD,Houshold Goods,-17.14285714285714,468.29268292682934,48.0,52.54,155.45294773519166
7005,B.I.G. INDUSTRIES BERHAD,Diversified Industrials,46.808510638297875,449.0196078431373,5.9,4.46,150.82043554443055
5111,TOWER REAL ESTATE INVESTMENT TRUST,Real Estate Investment Trusts,9.8901098901099,450.2392344497608,0.4,0.48,138.2148033019612
5259,E.A.TECHNIQUE (M) BERHAD,Transportation & Logistics Services,-0.3154574132492094,441.1764705882353,10.4,2.08,134.75430395249583
7048,ATLAN HOLDINGS BHD,Retailers,14.32926829268293,406.7796610169491,6.9,11.8,130.0726787928896
5145,SEALINK INTERNATIONAL BERHAD,Transportation Equipment,31.353135313531343,386.9565217391305,4.7,2.25,126.88289711579854
5165,DFCITY GROUP BERHAD,Building Materials,48.64864864864864,368.0851063829787,1.8,1.0,125.58012650948821
0259,SNS NETWORK TECHNOLOGY BERHAD,Technology Equipment,-5.165210786175467,409.99999999999994,3.9,0.63,122.35643676414733
0032,REDTONE INTERNATIONAL BERHAD,Telecommunications Service Providers,81.70289855072464,307.40740740740745,3.9,1.42,117.79709178743963
7121,XL HOLDINGS BERHAD,Consumer Services,174.50980392156862,193.47826086956525,1.3,0.75,110.80641943734017
5242,SOLID AUTOMOTIVE BERHAD,Automotive,3.3573141486810565,361.5384615384615,0.5,0.24,109.61673270614276
7172,PMB TECHNOLOGY BERHAD,Metals,-29.28884395011796,393.75,0.8,0.49,109.5963468149646
0064,EFFICIENT E-SOLUTIONS BERHAD,Industrial Services,125.5813953488372,238.88888888888889,0.2,0.03,109.38708527131782
7241,NEXTGREEN GLOBAL BERHAD,Industrial Services,42.24137931034482,313.6363636363637,2.2,0.9,107.38332288401256
7773,EP MANUFACTURING BHD,Auto Parts,-11.742424242424242,365.686274509804,0.6,0.86,106.47515508021392
5049,COUNTRY VIEW BERHAD,Property,49.11032028469751,281.25,1.4,6.07,100.60209608540924
8117,PGF CAPITAL BERHAD,Building Materials,115.73033707865169,210.0,2.5,3.41,98.90110112359551
6904,SUBUR TIASA HOLDINGS BERHAD,Wood & Wood Products,-12.928348909657316,336.3636363636363,0.7,2.53,97.6765862361937
5275,MYNEWS HOLDINGS BERHAD,Retailers,11.922663802363044,301.26715945089757,1.6,0.5,94.37694697597817
5178,INGENIEUR GUDANG BERHAD,Metals,270.0,33.02752293577982,7.7,0.95,92.63825688073395
3034,HAP SENG CONSOLIDATED BERHAD,Diversified Industrials,0.0,283.89662027833,2.4,7.76,87.200986083499
7047,FAJARBARU BUILDER GROUP BHD,Construction,86.84931506849315,200.0,2.0,1.14,86.68279452054794
8346,PERAK CORPORATION BERHAD,Transportation & Logistics Services,-6.852791878172592,295.65217391304344,0.1,0.09,86.67781461046125
6971,KOBAY TECHNOLOGY BERHAD,"Industrial Materials, Components & Equipment",27.472527472527464,253.33333333333331,1.4,1.66,84.85375824175821
5036,EDARAN BERHAD,Technology Equipment,52.45098039215685,221.03321033210332,2.7,1.5,82.88525721727805
8907,EG INDUSTRIES BERHAD,"Industrial Materials, Components & Equipment",30.280877260484807,231.4814814814815,6.3,7.65,81.31870762258988
8648,JASA KITA BERHAD,"Industrial Materials, Components & Equipment",29.166666666666675,238.73343151693663,2.6,0.51,80.99202945508098
5073,NAIM HOLDINGS BERHAD,Property,-43.57894736842105,303.7383177570093,3.2,8.64,80.41581111657648
7108,PERDANA PETROLEUM BERHAD,"Energy, Infrastructure, Equipment & Services",22.521655437921083,232.4561403508772,11.4,3.41,79.45533873663949
7285,TOMYPAK HOLDINGS BERHAD,Packaging Materials,286.98630136986304,-20.98765432098766,-5.6,-1.51,78.37759411466261
4723,JAKS RESOURCES BERHAD,Construction,40.99999999999999,216.90140845070425,1.5,0.91,77.85242253521128
7200,TEK SENG HOLDINGS BERHAD,Houshold Goods,19.931271477663227,238.2663847780127,0.6,0.43,77.66529687670277
3557,ECOFIRST CONSOLIDATED BHD,Property,384.55882352941177,-127.82352941176472,0.2,0.08,77.07658823529411
5152,MUAR BAN LEE GROUP BERHAD,"Industrial Materials, Components & Equipment",22.7882037533512,212.24489795918367,6.0,6.74,73.05793051376045
7195,BINASTRA CORPORATION BERHAD,Construction,117.9508196721311,116.07142857142856,9.5,2.23,72.5526744730679
5255,ICON OFFSHORE BERHAD,"Energy, Infrastructure, Equipment & Services",20.68376068376068,212.9032258064516,4.9,3.31,71.71809594706369
4995,VERSATILE CREATIVE BERHAD,Retailers,47.2,183.91167192429023,2.1,0.65,69.88350157728706
0225,SOUTHERN CABLE GROUP BERHAD,"Industrial Materials, Components & Equipment",40.15345268542199,186.15384615384616,5.0,2.15,69.32218965178045
4715,GENTING MALAYSIA BERHAD,"Travel, Leisure & Hospitality",0.0,220.8568207440812,4.9,10.04,69.24504622322436
0113,MMS VENTURES BERHAD,Technology Equipment,280.7692307692308,-57.285714285714285,-1.4,-0.45,66.67505494505494
5273,CHIN HIN GROUP BERHAD,Building Materials,80.60558084306354,138.79310344827584,1.9,0.78,66.35560528740181
7055,PLB ENGINEERING BERHAD,Property,247.24409448818895,-10.83333333333334,-16.2,-11.82,65.31922834645668
5149,TAS OFFSHORE BERHAD,Transportation Equipment,91.90140845070422,108.8888888888889,8.1,5.26,62.90908920187793
5102,GUAN CHONG BERHAD,Food & Beverages,130.76923076923077,68.73156342182891,3.0,4.87,61.4242382573179
2224,SELANGOR DREDGING BERHAD,Property,142.37623762376236,59.036144578313234,1.5,3.11,61.345714660622676
5222,FGV HOLDINGS BERHAD,Plantation,26.530612244897966,172.5,1.5,2.39,60.48718367346939
5148,UEM SUNRISE BERHAD,Property,18.213828425096025,177.10843373493975,0.3,0.45,58.746678648010736
5207,SBC CORPORATION BERHAD,Property,272.22222222222223,-79.13793103448276,-0.1,-0.23,57.85928735632184
5029,FAR EAST HOLDINGS BERHAD,Plantation,75.92205984690328,104.44444444444449,4.4,10.85,57.15995128740433
7132,SMIS CORPORATION BERHAD,Auto Parts,-2.2167487684729092,178.65168539325845,1.3,2.35,53.660480987435655
4251,I-BERHAD,Property,38.16964285714286,134.54545454545453,1.0,0.7,52.154529220779224
7115,SKB SHUTTERS CORPORATION BERHAD,Building Materials,44.93927125506072,122.22222222222224,4.3,4.39,51.886448043184885
1961,IOI CORPORATION BERHAD,Plantation,22.72727272727273,133.7828947368421,6.0,11.46,50.445050239234455
5127,AMANAHRAYA REAL ESTATE INVESTMENT TRUST,Real Estate Investment Trusts,6.214689265536721,158.33333333333334,0.4,0.54,49.55240677966101
2593,UNITED MALACCA BERHAD,Plantation,26.920415224913484,125.54744525547444,2.1,14.74,49.10835814411638
5576,MINHO (M) BERHAD,Wood & Wood Products,-2.3012552301255207,164.1509433962264,0.3,0.39,48.692906449830275
8524,TALIWORKS CORPORATION BERHAD,"Gas, Water & Multi-Utilities",74.20066152149944,80.0,3.5,1.2,47.20019845644983
0253,INFOLINE TEC GROUP BERHAD,Digital Services,87.11656441717793,53.846153846153854,13.0,2.21,45.33081547899954
5211,SUNWAY BERHAD,Diversified Industrials,33.33333333333333,108.59678313921242,2.4,5.28,44.11503494176372
6203,KHEE SAN BERHAD,Food & Beverages,-5.600000000000005,151.76151761517613,-1.2,0.68,43.74445528455284
5292,UWC BERHAD,Semiconductors,96.48351648351648,47.72727272727273,1.5,0.59,43.68123676323676
6459,MNRB HOLDINGS BERHAD,Insurance,4.180923866552599,122.83653846153844,2.8,11.84,41.03323869842732
0200,REVENUE GROUP BERHAD,Digital Services,236.49122807017545,-100.88339222614842,0.0,0.0,40.682350753208105
9687,IDEAL CAPITAL BERHAD,Property,41.951566951566946,86.62420382165605,4.1,5.86,40.564731231966896
5308,SENG FONG HOLDINGS BERHAD,Industrial Services,64.03828623518689,65.0602409638554,5.9,1.9,40.28955815971268
5306,FARM FRESH BERHAD,Food & Beverages,25.668179525970757,104.6875,3.9,1.4,40.16670385779123
7184,G3 GLOBAL BERHAD,Personal Goods,262.962962962963,-129.54166666666666,-1.0,-0.02,39.8223888888889
7246,SIGNATURE INTERNATIONAL BERHAD,Houshold Goods,22.131593257204997,100.70921985815602,7.8,4.5,39.312243934608304
7471,EDEN INC. BERHAD,Electricity,-12.5,140.0,1.4,0.94,38.718
7079,TWL HOLDINGS BERHAD,Property,105.31914893617022,21.42857142857142,0.8,0.06,38.19631610942249
5132,DELEUM BERHAD,"Energy, Infrastructure, Equipment & Services",11.331679073614565,105.7377049180328,5.7,6.24,37.50881519749421
5141,DAYANG ENTERPRISE HOLDINGS BERHAD,"Energy, Infrastructure, Equipment & Services",30.45375218150088,76.57068062827226,7.5,11.66,35.93932984293194
4057,ASIAN PAC HOLDINGS BERHAD,Property,22.93577981651376,95.2380952380952,0.4,0.28,35.58816251638268
5062,HUA YANG BERHAD,Property,-47.359154929577464,161.6822429906542,0.3,0.31,34.41892641832302
5347,TENAGA NASIONAL BHD,Electricity,6.666666666666665,86.8722261153936,2.7,27.33,34.06766783461808
4359,TURIYA BERHAD,Semiconductors,-2.6666666666666616,113.90374331550804,1.2,0.72,33.75512299465241
8664,S P SETIA BERHAD,Property,18.181818181818187,93.05019305019304,0.4,1.16,33.681603369603366
1368,UEM EDGENTA BERHAD,Industrial Services,9.998613229787834,100.0,0.7,1.23,33.38558396893635
2658,AJINOMOTO (MALAYSIA) BERHAD,Food & Beverages,11.557177615571778,75.96153846153845,2.3,30.08,32.73161482313307
5310,KUMPULAN KITACON BERHAD,Construction,13.007759014148789,90.54054054054056,4.4,2.83,32.51048986640681
5681,PETRONAS DAGANGAN BHD,Retailers,-2.020202020202022,81.42934488359501,5.6,33.7,31.6827428590179
3301,HONG LEONG INDUSTRIES BERHAD,Automotive,11.221437971049175,60.31927023945267,6.4,44.66,31.674212463150553
7070,VIZIONE HOLDINGS BERHAD,Construction,22.558459422283363,81.66666666666667,0.0,0.01,31.269537826685006
7148,DUOPHARMA BIOTECH BERHAD,Pharmaceuticals,23.345153664302607,73.33333333333334,2.3,1.62,29.78754609929079
5182,AVALAND BERHAD,Property,48.207426376440466,47.67441860465116,2.5,1.75,29.614553494327488
0138,MY E.G. SERVICES BERHAD,Digital Services,27.820710973724893,62.58333333333332,7.4,2.6,29.12121329211746
1929,CHIN TECK PLANTATIONS BERHAD,Plantation,15.822784810126578,53.05164319248827,3.4,35.63,28.468328400784454
7169,DOMINANT ENTERPRISE BERHAD,Wood & Wood Products,-9.231468849477032,100.0,1.3,2.81,28.052559345156894
5162,VSTECS BERHAD,Technology Equipment,30.228960396039597,54.33070866141732,4.0,5.5,27.26790071723708
1818,BURSA MALAYSIA BERHAD,Other Financials,33.144297416509126,41.88741721854306,10.7,10.6,26.769514390515656
1996,KRETAM HOLDINGS BERHAD,Plantation,-6.088992974238872,90.7258064516129,4.8,2.05,26.76104404321221
5309,ITMAX SYSTEM BERHAD,Digital Services,48.33759590792839,35.58282208588957,5.7,2.15,26.746125398145388
5533,OCB BERHAD,Food & Beverages,41.18476727785614,43.47826086956521,1.7,3.16,26.370908444226405
5133,PETRA ENERGY BERHAD,"Energy, Infrastructure, Equipment & Services",-10.328638497652587,86.66666666666667,6.9,9.59,26.199408450704222
0180,KIM TECK CHEONG CONSOLIDATED BERHAD,Consumer Services,37.681159420289845,46.34146341463416,2.8,0.88,25.942786850477198
6149,METROD HOLDINGS BERHAD,Metals,0.0,81.08108108108108,1.3,5.58,25.700324324324324
1082,HONG LEONG FINANCIAL GROUP BERHAD,Banking,18.75,14.30690399137,2.8,74.7,25.417071197411
2062,HARBOUR-LINK GROUP BERHAD,Transportation & Logistics Services,20.475497331392532,52.7950310559006,3.0,6.16,23.81315851618794
7243,MAGMA GROUP BERHAD,Food & Beverages,84.44444444444446,-3.571428571428581,-3.1,-0.31,23.57990476190476
4197,SIME DARBY BERHAD,Automotive,30.714285714285715,35.82342954159592,4.4,11.7,23.18131457676449
7140,OKA CORPORATION BHD,Building Materials,12.834224598930488,61.53846153846154,2.1,1.7,23.071805841217607
0168,BOILERMECH HOLDINGS BERHAD,"Industrial Materials, Components & Equipment",15.793918918918926,54.761904761904766,4.8,2.52,22.63074710424711
3255,HEINEKEN MALAYSIA BERHAD,Food & Beverages,3.218275804568949,28.636884306987408,28.2,37.17,22.63054803346691
7228,T7 GLOBAL BERHAD,"Energy, Infrastructure, Equipment & Services",28.384279475982545,42.50000000000001,3.5,1.75,22.315283842794766
7161,KERJAYA PROSPEK GROUP BERHAD,Construction,39.37051352843732,29.49438202247192,3.9,3.65,22.169468665272774
5185,AFFIN BANK BERHAD,Banking,22.46203037569945,45.074626865671654,1.3,6.07,21.73499717241133
5151,HEXTAR GLOBAL BERHAD,Chemicals,38.326954620010945,27.922077922077925,7.3,0.51,21.43670976262666
0163,CAREPLUS GROUP BERHAD,Health Care Equipment & Services,94.24460431654676,-20.430107526881724,-2.6,-1.05,21.41434903689951
2836,CARLSBERG BREWERY MALAYSIA BERHAD,Food & Beverages,8.278145695364248,19.89459815546773,34.6,29.75,21.321823155249593
5130,ATRIUM REAL ESTATE INVESTMENT TRUST,Real Estate Investment Trusts,30.303030303030297,37.25490196078432,1.9,2.63,21.173379679144382
1163,ALLIANZ MALAYSIA BERHAD,Insurance,7.692307692307687,-7.427993936331479,3.2,99.9999,20.719274126792865
5263,SUNWAY CONSTRUCTION GROUP BERHAD,Construction,28.478099480326648,32.857142857142854,5.5,3.6,20.22057270124085
6491,KUMPULAN FIMA BERHAD,Diversified Industrials,14.504324683965407,40.65040650406504,3.7,12.58,19.802419356409132
0229,MOBILIA HOLDINGS BERHAD,Houshold Goods,27.477477477477485,34.78260869565217,4.1,0.45,19.588025851938898
5005,UNISEM (M) BERHAD,Semiconductors,15.019651880965746,48.33333333333334,1.2,1.66,19.577895564289726
6139,SYARIKAT TAKAFUL MALAYSIA KELUARGA BERHAD,Insurance,43.285137423472705,10.53787047200878,5.1,12.02,19.570902368644443
5272,RANHILL HOLDINGS BERHAD,"Gas, Water & Multi-Utilities",3.085001640958329,59.80392156862746,2.1,1.26,19.538676962875734
5209,GAS MALAYSIA BERHAD,"Gas, Water & Multi-Utilities",16.666666666666675,34.5707656612529,8.3,9.03,18.83722969837587
5819,HONG LEONG BANK BERHAD,Banking,14.28571428571428,10.000000000000009,3.0,53.17,18.519714285714286
5138,HAP SENG PLANTATIONS HOLDINGS BERHAD,Plantation,7.715674362089908,46.56084656084656,2.8,6.93,18.228956276880936
2038,NEGRI SEMBILAN OIL PALMS BERHAD,Plantation,21.259842519685044,26.582278481012665,1.6,14.19,17.510636300209313
7179,LAGENDA PROPERTIES BERHAD,Property,30.059660394676445,21.907216494845372,3.9,5.64,17.498063066856545
2186,KUCHAI DEVELOPMENT BERHAD,Other Financials,19.565217391304344,35.13513513513513,1.2,4.01,17.45210575793184
5398,GAMUDA BERHAD,Construction,46.428571428571416,5.333333333333323,1.8,7.31,17.35057142857142
5047,NPC RESOURCES BERHAD,Plantation,-0.4874086108854536,45.9016393442623,3.0,15.28,17.280269220013054
8311,PESONA METRO HOLDINGS BERHAD,Construction,0.0,54.83870967741935,2.9,0.69,17.169612903225804
7249,EWEIN BERHAD,Property,47.00854700854702,9.090909090909085,0.5,0.39,17.007836829836833
7854,TIMBERWELL BERHAD,Wood & Wood Products,1.49253731343284,53.38345864661653,1.0,0.69,16.800798788014813
5084,IBRACO BERHAD,Property,28.753180661577616,22.4,3.1,2.8,16.525954198473283
5038,KSL HOLDINGS BERHAD,Property,26.636737747848848,19.621749408983447,2.5,9.95,16.367546147049687
0192,INTA BINA GROUP BERHAD,Construction,8.834134615384626,41.26984126984128,4.7,1.62,16.29519276556777
7197,GE-SHEN CORPORATION BERHAD,"Industrial Materials, Components & Equipment",3.5060975609756184,47.61904761904763,1.9,2.43,16.203543554006973
7187,CHIN HIN GROUP PROPERTY BERHAD,Transportation Equipment,53.31890331890333,0.0,0.2,0.16,16.067670995670998
8893,MK LAND HOLDINGS BERHAD,Property,81.75824175824175,-28.57142857142857,0.1,0.09,15.994043956043955
7155,SKP RESOURCES BHD,"Industrial Materials, Components & Equipment",22.19657626466629,26.937269372693716,3.6,2.2,15.900153691208
6262,INNOPRISE PLANTATIONS BERHAD,Plantation,17.537942664418217,27.810650887573978,6.7,4.51,15.846578065597656
5024,HUP SENG INDUSTRIES BERHAD,Food & Beverages,10.828025477707005,33.07692307692307,10.3,2.16,15.663484566389023
3107,FIMA CORPORATION BERHAD,Industrial Services,8.31643002028397,40.81632653061224,1.2,2.92,15.563826965268861
5257,CARIMIN PETROLEUM BERHAD,"Energy, Infrastructure, Equipment & Services",-6.965761511216062,51.162790697674424,5.5,5.57,15.473108755937508
1066,RHB BANK BERHAD,Banking,7.14285714285714,28.204339129096788,2.6,19.11,14.946158881586179
8869,PRESS METAL ALUMINIUM HOLDINGS BERHAD,Metals,11.764705882352944,31.427638026788628,4.6,4.88,14.85370317274247
7595,MGB BERHAD,Construction,12.924638812963662,32.52032520325203,2.8,2.75,14.743489204864707
5126,SARAWAK OIL PALMS BERHAD,Plantation,7.692307692307687,28.75264270613107,3.3,13.66,14.325485119531628
7252,TEO SENG CAPITAL BERHAD,Agricultural Products,-4.849999999999999,32.648401826484005,10.2,19.5,14.279520547945202
0185,HSS ENGINEERS BERHAD,Industrial Engineering,6.329113924050622,38.46153846153846,2.6,1.43,14.243195715676725
6874,KUB MALAYSIA BERHAD,Industrial Services,46.75438596491228,-1.3698630136986356,1.1,1.29,14.093356885364095
7087,MAGNI-TECH INDUSTRIES BERHAD,Personal Goods,21.974965229485388,18.807339449541296,2.8,5.97,13.988691403708007
0128,FRONTKEN CORPORATION BERHAD,Semiconductors,8.089887640449444,32.209737827715344,5.5,2.24,13.637887640449437
3298,HEXZA CORPORATION BERHAD,Chemicals,26.4,16.666666666666675,0.3,0.7,13.120000000000003
8567,SALCON BERHAD,"Gas, Water & Multi-Utilities",61.77156177156178,-17.391304347826097,-1.4,-0.53,12.928077227120706
3417,EASTERN & ORIENTAL BERHAD,Property,38.01452784503632,2.3569023569023573,1.4,1.46,12.683429060581602
4162,BRITISH AMERICAN TOBACCO (MALAYSIA) BERHAD,Personal Goods,0.5108767303889206,14.117647058823524,17.5,23.8,12.648557136763735
6599,AEON CO. (M) BHD,Retailers,4.613453290093106,35.251798561151084,1.0,1.34,12.427575555373258
5112,TH PLANTATIONS BERHAD,Plantation,16.343490304709142,22.159090909090917,2.3,1.93,12.396774364140018
3069,MEGA FIRST CORPORATION BERHAD,Electricity,16.104868913857672,13.7560975609756,3.9,12.37,12.212289942449981
0157,FOCUS POINT HOLDINGS BERHAD,Personal Goods,8.837209302325588,26.5625,6.1,1.76,12.191912790697677
7232,RESINTECH BERHAD,Building Materials,21.014492753623195,17.647058823529417,1.1,1.09,12.036465473145784
7245,CITAGLOBAL BERHAD,Metals,35.400000000000006,3.3333333333333437,0.8,0.74,11.928000000000004
5517,SHANGRI-LA HOTELS (MALAYSIA) BERHAD,"Travel, Leisure & Hospitality",5.0212164073550225,29.487179487179493,2.6,4.6,11.792518768360353
5606,IGB BERHAD,Property,6.125031637560108,27.068965517241384,1.7,5.54,11.406199146440446
4596,SAPURA RESOURCES BERHAD,Property,48.52941176470589,-6.0975609756097615,-2.8,-3.95,11.379555236728837
7210,FM GLOBAL LOGISTICS HOLDINGS BERHAD,Transportation & Logistics Services,34.161819143310424,1.388888888888884,1.7,1.3,11.26521240965979
5301,CTOS DIGITAL BERHAD,Digital Services,19.999999999999996,13.114754098360647,4.8,1.2,11.134426229508195
5173,SHIN YANG GROUP BERHAD,Transportation & Logistics Services,13.264388489208637,19.54022988505748,2.4,2.75,10.871385512279836
5123,SENTRAL REIT,Real Estate Investment Trusts,20.351758793969843,12.637362637362637,1.5,1.71,10.538736429399746
6432,APOLLO FOOD HOLDINGS BERHAD,Food & Beverages,17.121212121212114,6.000000000000005,4.3,13.27,10.450363636363637
7382,GOLDEN LAND BERHAD,Plantation,145.60669456066947,-111.57971014492752,0.3,0.37,10.342095324722585
5246,WESTPORTS HOLDINGS BERHAD,Transportation & Logistics Services,5.587313295224039,19.538461538461547,6.5,6.83,10.203732450105676
0222,OPTIMAX HOLDINGS BERHAD,Health Care Providers,16.140350877192986,14.28571428571428,4.5,0.58,10.143819548872179
7250,UZMA BERHAD,"Energy, Infrastructure, Equipment & Services",37.5,-6.72268907563025,1.8,2.54,10.101193277310923
1023,CIMB GROUP HOLDINGS BERHAD,Banking,7.547169811320753,11.111111111111116,3.0,18.98,9.99348427672956
9962,GROMUTUAL BERHAD,Property,-4.400000000000004,34.210526315789465,2.5,2.73,9.989157894736838
7010,PTT SYNERGY GROUP BERHAD,Property,42.7098674521355,-11.764705882352944,1.2,1.22,9.767548470934765
5026,MHC PLANTATIONS BHD,Plantation,2.4428684003152012,24.69135802469136,3.0,5.12,9.764267927501969
2089,UNITED PLANTATIONS BERHAD,Plantation,1.3883746760459117,-8.782350445481546,7.5,51.84,9.649807269169312
0054,KARYON INDUSTRIES BERHAD,Chemicals,12.993039443155464,16.666666666666675,1.7,0.45,9.327911832946642
7007,ARK RESOURCES HOLDINGS BERHAD,Property,-26.502732240437155,54.419410745233975,3.6,0.98,9.291003551439047
6033,PETRONAS GAS BERHAD,"Gas, Water & Multi-Utilities",6.25,5.378868729989317,3.6,24.95,9.198660618996795
9814,BERTAM ALLIANCE BERHAD,Property,55.714285714285715,-25.36764705882353,0.1,0.06,9.135991596638657
5313,RADIUM DEVELOPMENT BERHAD,Property,3.6324786324786418,26.315789473684205,0.6,0.14,9.132480431848853
5166,CYBERJAYA EDUCATION GROUP BERHAD,Consumer Services,8.59375,19.999999999999996,0.9,1.46,9.050125
5330,TMK CHEMICAL BHD,Chemicals,0.0,0.0,8.9,35.0,8.780000000000001
5200,UOA DEVELOPMENT BHD,Property,32.14953271028038,-5.108055009823187,0.9,1.87,8.666443310137158
5210,BUMI ARMADA BERHAD,"Energy, Infrastructure, Equipment & Services",5.163871951219523,18.841394825646795,3.7,3.57,8.655580033059895
0186,PERAK TRANSIT BERHAD,"Travel, Leisure & Hospitality",19.22196796338673,6.626506024096379,2.4,1.61,8.556542196244934
5053,OSK HOLDINGS BERHAD,Property,10.931734317343178,11.544715447154474,2.2,6.66,8.514934929349296
7083,ANALABS RESOURCES BERHAD,Industrial Services,-18.485523385300674,33.84615384615384,3.5,16.0,8.50818913825595
1015,AMMB HOLDINGS BERHAD,Banking,9.090909090909085,6.555981268624955,2.5,15.14,8.222067107860212
5235SS,KLCC REAL ESTATE INVESTMENT TRUST,Real Estate Investment Trusts,7.07876370887337,11.440906637884506,1.5,11.44,8.143901104027362
2488,ALLIANCE BANK MALAYSIA BERHAD,Banking,14.675250899450852,2.4824608742579635,2.6,12.27,8.121313532112644
3379,INSAS BERHAD,Other Financials,-5.020920502092052,28.787878787878785,1.1,3.85,8.12008748573602
0040,OPENSYS (M) BERHAD,Software,20.88888888888889,3.2258064516129004,3.6,0.72,8.098408602150537
4383,JAYA TIASA HOLDINGS BHD,Plantation,9.556451612903215,8.233532934131738,4.7,7.47,7.770995364110486
8419,PANSAR BERHAD,Building Materials,-6.695005313496294,29.68750000000002,2.5,1.63,7.723748405951117
7035,CCK CONSOLIDATED HOLDINGS BERHAD,Food & Beverages,3.0989272943980906,16.500000000000004,5.1,3.76,7.651678188319427
7167,ABLE GLOBAL BERHAD,Food & Beverages,9.671945701357476,9.259259259259256,3.8,5.77,7.593361488185019
1295,PUBLIC BANK BERHAD,Banking,4.615384615384621,11.764705882352944,3.4,9.85,7.5640271493212685
8621,LPI CAPITAL BHD,Insurance,0.0,0.0,5.3,31.11,7.282
5012,TA ANN HOLDINGS BERHAD,Plantation,-4.415372035977105,14.132104454685113,3.9,16.88,7.071019725612402
7198,DPS RESOURCES BERHAD,Property,13.422818791946312,8.695652173913038,0.9,1.04,7.023541289757805
0230,TELADAN GROUP BERHAD,Property,17.638483965014572,3.9473684210526327,1.5,0.97,6.9697557158201615
1902,PINEHILL PACIFIC BERHAD,Plantation,29.64959568733154,-4.761904761904767,-1.3,-1.46,6.914307277628032
7943,MPIRE GLOBAL BERHAD,Houshold Goods,57.40740740740742,-34.89932885906041,-1.0,-0.1,6.532423564504103
7084,QL RESOURCES BERHAD,Agricultural Products,11.764705882352944,4.649265905383371,4.2,3.52,6.4681915363208935
5167,TURBO-MECH BERHAD,"Industrial Materials, Components & Equipment",78.78787878787878,-56.89424364123159,-0.3,-0.3,6.448090543994157
7173,TOYO VENTURES HOLDINGS BERHAD,Chemicals,75.40983606557377,-50.38167938931297,-1.3,-4.86,6.27644700287824
5069,BLD PLANTATION BHD.,Plantation,-22.51397594443504,35.2112676056338,1.2,10.29,6.107187498359629
8273,PUBLIC PACKAGES HOLDINGS BHD,Packaging Materials,3.2504780114722687,12.631578947368416,2.6,4.03,6.0906170876522046
5908,DKSH HOLDINGS (MALAYSIA) BERHAD,Consumer Services,11.111111111111116,0.5747126436781658,1.8,11.07,6.079747126436784
7176,TPC PLUS BERHAD,Agricultural Products,5.731922398589062,8.000000000000007,6.4,2.63,5.92557671957672
7692,MYTECH GROUP BERHAD,Metals,19.23076923076923,-0.983606557377048,1.4,0.27,5.808148802017655
0223,SAMAIDEN GROUP BERHAD,Industrial Services,6.926406926406936,10.000000000000009,2.5,0.8,5.737922077922084
5139,AEON CREDIT SERVICE (M) BERHAD,Other Financials,34.51412158927716,-25.717703349282296,2.3,12.16,5.530925471998461
5212,PAVILION REAL ESTATE INV TRUST,Real Estate Investment Trusts,4.06626506024097,11.756373937677056,1.7,2.16,5.518791699375408
5280,KIP REAL ESTATE INVESTMENT TRUST,Real Estate Investment Trusts,19.19642857142858,-2.8846153846153855,1.5,1.62,5.517543956043958
0039,GFM SERVICES BERHAD,Industrial Services,39.94169096209912,-25.26315789473684,4.6,0.96,5.515559920208686
5108,ICAPITAL.BIZ BERHAD,Closed End Fund,3.3333333333333437,14.692982456140346,0.1,0.37,5.501894736842106
5317,CPE TECHNOLOGY BERHAD,"Industrial Materials, Components & Equipment",29.074889867841417,-11.538461538461542,0.7,0.34,5.468928498813961
3026,DUTCH LADY MILK INDUSTRIES BERHAD,Food & Beverages,-4.640557939914158,2.3809523809523725,3.5,26.9,5.402118332311464
0212,SDS GROUP BERHAD,Food & Beverages,7.193396226415105,4.255319148936176,6.9,2.4,5.294614612605384
7103,SPRITZER BHD,Food & Beverages,10.105580693815996,0.588235294117645,3.0,5.37,4.882144796380093
7528,DKLS INDUSTRIES BHD,Construction,12.584269662921344,-1.6129032258064502,1.3,6.57,4.865409931134468
9261,GADANG HOLDINGS BHD,Construction,14.671814671814666,-0.0,0.8,0.85,4.7315444015444
6521,SURIA CAPITAL HOLDINGS BERHAD,Transportation & Logistics Services,-10.95890410958904,22.302158273381288,1.5,4.91,4.684976249137674
5180,CAPITALAND MALAYSIA TRUST,Real Estate Investment Trusts,5.405405405405395,8.633093525179847,1.1,1.07,4.645549679175573
5307,AME REAL ESTATE INVESTMENT TRUST,Real Estate Investment Trusts,8.47457627118644,4.597701149425282,1.6,1.73,4.5876832261835165
5228,ELK-DESA RESOURCES BERHAD,Other Financials,18.36734693877551,-5.681818181818176,1.7,1.82,4.5096586270872
5321,KEYFIELD INTERNATIONAL BERHAD,"Energy, Infrastructure, Equipment & Services",0.0,0.0,11.6,10.11,4.342
7668,BESHOM HOLDINGS BERHAD,Retailers,8.970976253298147,4.347826086956519,0.8,0.79,4.3136407020764
5109,YTL HOSPITALITY REIT,Real Estate Investment Trusts,1.3750954927425507,10.780669144981411,1.0,1.75,4.196729391317189
0058,JCBNEXT BERHAD,Industrial Services,30.232558139534895,-20.93023255813954,1.7,5.14,4.158697674418606
5789,LBS BINA GROUP BERHAD,Property,0.0,0.0,9.8,10.32,4.024
5160,HOMERITZ CORPORATION BERHAD,Houshold Goods,22.826086956521728,-13.924050632911388,2.2,1.46,3.4026108970831017
5135,SARAWAK PLANTATION BERHAD,Plantation,-13.61529548088065,14.760147601476014,3.9,11.13,3.349455636178609
5027,KIM LOONG RESOURCES BERHAD,Plantation,-0.5125919322487182,4.166666666666674,5.5,5.12,3.2202224203253866
5080,POH KONG HOLDINGS BERHAD,Retailers,-7.499999999999996,12.10526315789473,2.4,5.2,2.90157894736842
7088,POH HUAT RESOURCES HOLDINGS BERHAD,Houshold Goods,23.796033994334277,-17.59259259259259,1.7,3.34,2.8690324205225055
7203,WANG-ZHENG BERHAD,Houshold Goods,31.78807947019868,-22.683264177040108,0.3,0.35,2.861444587947571
9199,LYSAGHT GALVANIZED STEEL BERHAD,Metals,0.0,0.0,2.6,11.52,2.824
0242,PAPPAJACK BERHAD,Other Financials,-1.3559322033898311,8.333333333333325,2.5,0.85,2.763220338983048
5176,SUNWAY REAL ESTATE INVESTMENT TRUST,Real Estate Investment Trusts,9.271899886234358,-3.1521739130434767,1.8,2.61,2.717917791957264
7085,LTKM BERHAD,Agricultural Products,0.0,0.0,4.3,9.23,2.706
5299,IGB COMMERCIAL REAL ESTATE INVESTMENT TRUST,Real Estate Investment Trusts,8.884688090737235,-2.39520958083832,0.7,0.69,2.2248435529696744
5878,KPJ HEALTHCARE BERHAD,Health Care Providers,8.06137886319429,-4.761904761904767,3.6,1.97,2.1038422303868574
5258,BANK ISLAM MALAYSIA BERHAD,Banking,9.090909090909085,-7.188612099644132,1.7,5.76,2.0626890973794856
6633,LEONG HUP INTERNATIONAL BERHAD,Agricultural Products,0.0,0.0,5.8,3.7,1.9
8494,LBI CAPITAL BERHAD,Property,0.0,0.0,4.2,5.26,1.8920000000000001
9385,LAY HONG BERHAD,Agricultural Products,0.0,0.0,4.9,3.94,1.7680000000000002
5326,99 SPEED MART RETAIL HOLDINGS BERHAD,Retailers,0.0,0.0,7.4,1.28,1.7360000000000002
1287,PAN MALAYSIA HOLDINGS BERHAD,"Travel, Leisure & Hospitality",76.92307692307692,-70.75471698113208,-1.0,-0.03,1.644507982583455
5328,LIFE WATER BERHAD,Food & Beverages,0.0,0.0,6.1,2.0,1.62
5271,PECCA GROUP BERHAD,Auto Parts,-12.656250000000002,12.307692307692308,6.6,1.97,1.609432692307692
7609,AJIYA BERHAD,Building Materials,0.0,0.0,2.5,5.32,1.564
5319,MKH OIL PALM (EAST KALIMANTAN) BERHAD,Plantation,0.0,0.0,4.9,2.73,1.5260000000000002
0215,SOLARVEST HOLDINGS BERHAD,Industrial Services,-25.73266619013581,27.777777777777768,3.1,1.31,1.495533476292588
5323,JOHOR PLANTATIONS GROUP BERHAD,Plantation,0.0,0.0,3.5,3.93,1.4860000000000002
5738,COUNTRY HEIGHTS HOLDINGS BHD,Property,0.0,0.0,2.4,5.01,1.482
5327,MEGA FORTRIS BERHAD,"Industrial Materials, Components & Equipment",0.0,0.0,6.2,1.18,1.4760000000000002
5075,PLENITUDE BERHAD,Property,11.337683523654164,-11.290322580645162,1.3,5.8,1.4342082829027003
7235,SUPERLON HOLDINGS BERHAD,Building Materials,15.172413793103456,-13.513513513513509,2.1,2.04,1.325670083876984
0161,HEXTAR INDUSTRIES BERHAD,"Industrial Materials, Components & Equipment",13.960909453530125,-12.213740458015266,3.5,0.42,1.3081506986544582
5318,DXN HOLDINGS BHD.,Retailers,0.0,0.0,4.8,1.33,1.226
6769,JKG LAND BERHAD,Property,13.656387665198231,-10.606060606060607,1.0,0.26,1.167098117741287
5322,FEYTECH HOLDINGS BERHAD,Auto Parts,0.0,0.0,4.1,1.28,1.076
5329,AZAM JAYA BERHAD,Construction,0.0,0.0,4.4,0.88,1.056
7212,DESTINI BERHAD,Industrial Engineering,0.0,0.0,4.2,1.07,1.054
5159,YOONG ONN CORPORATION BERHAD,Houshold Goods,13.620689655172423,-13.33333333333333,1.5,3.28,1.0422068965517277
5296,MR D.I.Y. GROUP (M) BERHAD,Retailers,0.0,-1.8563357546408368,6.5,1.29,1.001099273607749
9431,SENI JAYA CORPORATION BERHAD,Media,0.0,0.0,3.7,1.28,0.9960000000000001
7204,D&O GREEN TECHNOLOGIES BERHAD,Semiconductors,0.4411764705882337,0.5494505494505475,2.0,1.47,0.9911881060116343
5278,RHONE MA HOLDINGS BERHAD,Agricultural Products,-5.67765567765568,6.666666666666665,1.9,1.45,0.9667032967032956
7006,RHONG KHEN INTERNATIONAL BERHAD,Houshold Goods,9.444904722452364,-8.108108108108114,0.6,2.05,0.9310389843032747
5106,AXIS REAL ESTATE INVESTMENT TRUST,Real Estate Investment Trusts,11.838440111420612,-11.058823529411764,1.3,2.16,0.9258849746026544
2291,GENTING PLANTATIONS BERHAD,Plantation,-7.385924207269912,3.2298136645962705,1.6,9.26,0.9251668371979078
0099,SCICOM (MSC) BERHAD,Industrial Services,-5.608974358974361,2.6315789473684292,6.5,2.2,0.8467813765182205
5325,WELL CHIP GROUP BERHAD,Other Financials,0.0,0.0,2.4,1.6,0.8
9326,LB ALUMINIUM BERHAD,Metals,0.0,0.0,1.8,1.76,0.7120000000000001
7170,LFE CORPORATION BERHAD,Industrial Engineering,0.0,0.0,3.1,0.28,0.6760000000000002
5225,IHH HEALTHCARE BERHAD,Health Care Providers,-3.4482758620689613,0.3570757376432976,1.9,6.06,0.6646399626723009
7105,HCK CAPITAL GROUP BERHAD,Property,40.31007751937985,-40.0,1.6,1.1,0.6330232558139555
5320,PROLINTAS INFRA BUSINESS TRUST,30-days Price Larger Chart Technical Charting,0.0,0.0,1.9,1.1,0.6000000000000001
5226,GABUNGAN AQRS BERHAD,Construction,0.0,0.0,1.1,1.04,0.42800000000000005
5006,VARIA BERHAD,Construction,0.0,0.0,1.1,1.04,0.42800000000000005
5143,LUXCHEM CORPORATION BERHAD,Chemicals,0.0,0.0,1.1,0.62,0.34400000000000003
5088,APEX EQUITY HOLDINGS BERHAD,Other Financials,0.0,0.0,0.6,1.02,0.324
0104,GENETEC TECHNOLOGY BERHAD,Technology Equipment,0.0,0.0,1.0,0.61,0.322
4731,SCIENTEX BERHAD,Packaging Materials,0.0,-6.676342525399126,3.3,8.29,0.31509724238026227
8079,LEE SWEE KIAT GROUP BERHAD,Houshold Goods,0.0,0.0,0.8,0.4,0.24000000000000005
7131,ACME HOLDINGS BERHAD,Property,24.822695035460995,-25.0,1.1,0.35,0.23680851063829866
9113,ICONIC WORLDWIDE BERHAD,"Travel, Leisure & Hospitality",0.0,0.0,1.0,0.11,0.222
5288,SIME DARBY PROPERTY BERHAD,Property,10.000000000000009,-11.456176673567963,1.3,1.9,0.20314699792961377
7082,M & A EQUITY HOLDINGS BERHAD,Other Financials,0.0,0.0,0.8,0.17,0.19400000000000003
0002,KOTRA INDUSTRIES BERHAD,Pharmaceuticals,23.076923076923062,-29.1970802919708,3.4,6.57,0.15795283548568007
2739,TECHNA-X BERHAD,Other Energy Resources,0.0,0.0,0.5,0.12,0.124
5302,AURELIUS TECHNOLOGIES BERHAD,"Industrial Materials, Components & Equipment",0.0,0.0,0.2,0.19,0.07800000000000001
6947,CELCOMDIGI BERHAD,Telecommunications Service Providers,0.0,-4.10357691463682,2.7,3.72,0.05292692560895429
5000,HUME CEMENT INDUSTRIES BERHAD,Building Materials,-7.499184871209652,-1.8633540372670845,7.7,6.55,0.041238327456979196
8303,LOTUS KFM BERHAD,Food & Beverages,0.0,0.0,0.1,0.01,0.022000000000000006
8052,CENTRAL GLOBAL BERHAD,Packaging Materials,0.0,0.0,0.1,0.01,0.022000000000000006
5170,SARAWAK CABLE BERHAD,"Industrial Materials, Components & Equipment",0.0,0.0,1.3,-1.21,0.018000000000000016
5232,LEON FUAT BERHAD,Metals,0.0,0.0,0.0,0.05,0.010000000000000002
7234,LOTUS CIRCULAR BERHAD,Personal Goods,0.0,0.0,0.0,0.04,0.008
5032,BINTULU PORT HOLDINGS BERHAD,Transportation & Logistics Services,8.739946380697061,-13.84615384615384,1.5,6.1,-0.011862239637033145
7214,A-RANK BERHAD,Metals,-12.168141592920357,9.375,1.8,1.93,-0.0919424778761066
0193,KINERGY ADVANCEMENT BERHAD,Industrial Engineering,67.6954732510288,-70.09803921568627,2.8,0.31,-0.09876978939724163
3859,MAGNUM BERHAD,"Travel, Leisure & Hospitality",-0.8645533141210415,-1.6778523489932915,1.2,2.04,-0.11472169893429984
6378,WMG HOLDINGS BERHAD,Property,0.0,0.0,-0.5,-0.1,-0.12000000000000001
5068,LUSTER INDUSTRIES BHD.,"Industrial Materials, Components & Equipment",0.0,-0.0,-0.8,-0.08,-0.17600000000000005
1643,LANDMARKS BERHAD,"Travel, Leisure & Hospitality",0.0,-0.0,-0.3,-0.78,-0.21600000000000003
3573,LIEN HOE CORPORATION BERHAD,Property,0.0,-0.0,-0.8,-0.6,-0.28
7033,KUMPULAN H & L HIGH-TECH BERHAD,Industrial Engineering,-14.28571428571429,6.451612903225801,4.7,5.64,-0.2822304147465464
7277,DIALOG GROUP BERHAD,"Energy, Infrastructure, Equipment & Services",-18.69554074833418,14.220877458396377,2.6,2.68,-0.28639898698134214
8192,MERCURY INDUSTRIES BERHAD,Construction,0.0,0.0,-0.9,-0.6,-0.30000000000000004
7153,KOSSAN RUBBER INDUSTRIES BERHAD,Health Care Equipment & Services,25.74969021065676,-28.292682926829272,0.8,1.15,-0.3728978148517538
7174,CAB CAKARAN CORPORATION BERHAD,Agricultural Products,6.2275664034457945,-9.345794392523366,1.4,1.39,-0.3774683967232713
7215,NI HSIN RESOURCES BERHAD,Houshold Goods,0.0,0.0,-1.8,-0.28,-0.41600000000000004
5295,INNATURE BERHAD,Personal Goods,-2.187499999999998,0.0,0.8,0.15,-0.4662499999999993
7089,LII HEN INDUSTRIES BHD.,Houshold Goods,0.0,-0.0,-1.2,-1.19,-0.478
7022,GLOBETRONICS TECHNOLOGY BERHAD,Semiconductors,0.0,0.0,-1.7,-0.77,-0.49400000000000005
7219,MINETECH RESOURCES BERHAD,Building Materials,0.0,0.0,-2.8,-0.14,-0.588
8923,JIANKUN INTERNATIONAL BERHAD,Property,0.0,0.0,-2.6,-0.41,-0.602
9881,LEADER STEEL HOLDINGS BERHAD,Metals,0.0,-0.0,-1.0,-2.19,-0.638
5298,OM HOLDINGS LIMITED,Metals,0.0,0.0,-2.6,-0.9,-0.7000000000000001
8044,COMPUTER FORMS (MALAYSIA) BERHAD,Industrial Services,0.0,0.0,-2.9,-1.29,-0.838
5220,GLOBALTEC FORMATION BERHAD,"Industrial Materials, Components & Equipment",-11.290322580645162,7.692307692307687,0.5,0.52,-0.8754044665012424
0269,DS SIGMA HOLDINGS BERHAD,Packaging Materials,8.636363636363642,-13.888888888888884,2.7,0.65,-0.9057575757575725
2542,RIVERVIEW RUBBER ESTATES BERHAD,Plantation,-5.319148936170215,0.0,0.5,2.88,-0.9197446808510644
7811,SAPURA INDUSTRIAL BERHAD,Auto Parts,-5.966277561608302,0.0,1.7,2.61,-0.9278832684824905
7134,PWF CORPORATION BERHAD,Agricultural Products,-7.518248175182485,0.0,2.8,3.54,-0.9874744525547455
5827,ORIENTAL INTEREST BERHAD,Property,4.330512692882027,-16.235294117647058,4.5,7.65,-1.141434427429509
9318,FITTERS DIVERSIFIED BERHAD,"Industrial Materials, Components & Equipment",41.40730717185386,-45.90163934426229,0.8,0.14,-1.1602996517225308
5277,FOUNDPAC GROUP BERHAD,"Industrial Materials, Components & Equipment",1.1363636363636465,-6.25,1.4,0.27,-1.200090909090906
5157,SAUDEE GROUP BERHAD,Food & Beverages,4.2654028436019065,-8.791208791208794,0.1,0.01,-1.3357417842820662
5216,DATASONIC GROUP BERHAD,Digital Services,-7.110091743119263,-1.6574585635359074,5.1,0.64,-1.4822650919965512
0065,EXCEL FORCE MSC BERHAD,Software,2.777777777777768,-9.523809523809524,1.5,0.31,-1.6618095238095267
8338,DATAPREP HOLDINGS BHD,Digital Services,0.0,0.0,-10.4,-0.52,-2.184
9059,TSH RESOURCES BERHAD,Plantation,-22.363575493806497,12.20338983050848,1.7,2.4,-2.2280556989894054
9466,KKB ENGINEERING BERHAD,Industrial Engineering,2.1413276231263323,-13.4020618556701,2.1,2.92,-2.3742202697631303
1198,MAA GROUP BERHAD,Insurance,0.0,-0.0,-5.0,-7.1,-2.42
1724,PARAMOUNT CORPORATION BERHAD,Property,2.511244377811095,-13.227513227513231,1.1,2.63,-2.468880654910641
4863,TELEKOM MALAYSIA BERHAD,Telecommunications Service Providers,-6.451612903225811,-13.600891861761422,5.0,12.12,-2.59175142949617
0001,SUPERCOMNET TECHNOLOGIES BERHAD,Health Care Equipment & Services,14.76923076923078,-25.67567567567568,1.3,0.66,-2.87993347193347
0151,KELINGTON GROUP BERHAD,Industrial Engineering,-23.519163763066196,3.785488958990535,7.8,4.83,-3.3941024412226968
5040,MERIDIAN BERHAD,Property,35.78125000000001,-43.99999999999999,-3.1,-1.56,-3.397624999999996
7237,POWER ROOT BERHAD,Food & Beverages,3.0090270812437314,-17.47572815533981,2.6,1.9,-3.4400103222288227
4235,LION INDUSTRIES CORPORATION BERHAD,Metals,0.0,-0.0,-7.4,-10.03,-3.4859999999999998
5267,XIN HWA HOLDINGS BERHAD,Transportation & Logistics Services,36.277602523659304,-47.05882352941176,-0.9,-0.72,-3.558366301725736
3689,FRASER & NEAVE HOLDINGS BHD,Food & Beverages,8.333333333333325,-38.22674418604651,2.4,23.2,-3.8480232558139535
0256,UMEDIC GROUP BERHAD,Health Care Equipment & Services,-9.6551724137931,-5.263157894736848,2.5,0.49,-3.877499092558984
5293,AME ELITE CONSORTIUM BERHAD,Construction,-19.75996570938705,2.752293577981657,2.5,3.51,-3.9003016394216177
7239,SCANWOLF CORPORATION BERHAD,Building Materials,37.66233766233766,-47.22222222222222,-4.3,-0.91,-3.909965367965368
5065,ORNAPAPER BERHAD,Packaging Materials,6.896551724137923,-21.42857142857143,0.6,1.48,-3.9436059113300517
7100,UCHI TECHNOLOGIES BERHAD,"Industrial Materials, Components & Equipment",-11.764705882352944,-15.269461077844316,13.7,6.15,-4.140250088059178
5041,PBA HOLDINGS BHD,"Gas, Water & Multi-Utilities",22.397200349956247,-42.391304347826086,2.1,6.39,-4.300231199360953
7091,UNIMECH GROUP BERHAD,"Industrial Materials, Components & Equipment",0.4733727810650956,-19.17808219178082,1.8,4.02,-4.447412823214717
5116,AL-AQAR HEALTHCARE REIT,Real Estate Investment Trusts,-6.1688311688311686,-11.363636363636363,1.5,1.86,-4.58774025974026
5285,SIME DARBY PLANTATION BERHAD,Plantation,10.416666666666677,-36.16666666666667,4.5,11.1,-4.604999999999997
5015,APM AUTOMOTIVE HOLDINGS BERHAD,Auto Parts,5.169753086419759,-27.7992277992278,1.3,9.55,-4.618842413842412
5094,CSC STEEL HOLDINGS BERHAD,Metals,0.1731815932706659,-17.85714285714286,0.8,1.86,-4.773188379161659
5276,DANCOMECH HOLDINGS BERHAD,"Industrial Materials, Components & Equipment",2.53623188405796,-20.68965517241379,2.0,1.0,-4.8460269865067485
5250,7-ELEVEN MALAYSIA HOLDINGS BERHAD,Retailers,5.487026797107619,-24.305555555555557,2.9,0.99,-4.867558627534381
6114,MKH BERHAD,Property,-18.658146964856225,-0.5347593582887722,1.0,3.22,-4.9138718969434985
9938,BRIGHT PACKAGING INDUSTRY BERHAD,Packaging Materials,14.76510067114094,-33.333333333333336,1.4,0.86,-5.118469798657718
7149,ENG KAH CORPORATION BERHAD,Houshold Goods,-8.18181818181818,-7.692307692307687,-1.8,-0.85,-5.29223776223776
7186,SWS CAPITAL BERHAD,Houshold Goods,-4.577464788732399,-12.5,-1.0,-0.47,-5.41723943661972
6351,AMWAY (MALAYSIA) HOLDINGS BERHAD,Retailers,-10.104947526236884,-28.787878787878785,10.7,20.0,-5.5278478942347
3018,OLYMPIA INDUSTRIES BERHAD,"Travel, Leisure & Hospitality",2.8846153846153744,-20.370370370370377,-1.3,-0.4,-5.585726495726501
7162,ASTINO BERHAD,Building Materials,1.570048309178751,-22.093023255813947,1.2,1.4,-5.636892483990558
3336,IJM CORPORATION BERHAD,Construction,0.0,-20.811099252934895,0.7,2.12,-5.679329775880468
5300,YENHER HOLDINGS BERHAD,Agricultural Products,-9.523809523809524,-11.764705882352944,1.9,1.51,-5.7045546218487395
5239,TITIJAYA LAND BERHAD,Property,-53.379953379953385,33.33333333333333,0.2,0.15,-5.943986013986015
7090,APEX HEALTHCARE BERHAD,Pharmaceuticals,0.8924776880578023,-24.79338842975206,2.3,2.55,-6.200273222508277
7230,TOMEI CONSOLIDATED BERHAD,Retailers,5.945945945945952,-31.37254901960784,1.5,5.04,-6.319980922098566
7225,P.A. RESOURCES BERHAD,Metals,23.415765069551785,-47.12643678160919,1.4,0.3,-6.773201513617223
5142,WASCO BERHAD,"Energy, Infrastructure, Equipment & Services",-18.867202449292,-8.75912408759124,3.1,3.23,-7.0218979610649725
7031,AMTEL HOLDINGS BERHAD,Telecommunications Equipment,-4.210526315789476,-21.42857142857143,1.5,1.18,-7.155729323308272
4707,NESTLE (MALAYSIA) BERHAD,Food & Beverages,-22.22222222222222,-36.12565445026177,14.9,36.42,-7.240363001745196
7034,THONG GUAN INDUSTRIES BERHAD,Packaging Materials,3.749212350346576,-31.506849315068497,1.6,3.75,-7.257291089416576
5168,HARTALEGA HOLDINGS BERHAD,Health Care Equipment & Services,44.23800044238,-68.95306859205776,0.2,0.25,-7.324520444903328
1694,MENANG CORPORATION (M) BERHAD,Property,-2.392344497607657,-23.076923076923073,0.9,0.59,-7.342780272359219
5622,PIMPINAN EHSAN BERHAD,Construction,0.0,-25.0,0.2,0.2,-7.42
8966,TECHBASE INDUSTRIES BERHAD,Personal Goods,-4.336734693877553,-17.3469387755102,-2.6,-2.69,-7.563102040816325
5008,HARRISONS HOLDINGS (MALAYSIA) BERHAD,Food & Beverages,-3.3434650455927084,-31.782945736434108,1.9,12.81,-7.595923234608043
5110,UOA REAL ESTATE INVESTMENT TRUST,Real Estate Investment Trusts,-2.777777777777779,-24.460431654676263,1.1,1.55,-7.641462829736213
7054,ASTRAL ASIA BERHAD,Plantation,25.581395348837212,-51.0,-0.4,-0.09,-7.723581395348836
5274,HONG LEONG CAPITAL BERHAD,Other Financials,-4.306722689075626,-27.312775330396477,1.7,6.99,-7.747849405841631
5079,ONE GLOVE GROUP BERHAD,"Travel, Leisure & Hospitality",-10.86956521739132,-10.476190476190473,-7.1,-1.78,-8.179726708074538
5270,RED SENA BERHAD,Special Purpose Acquisition Company,0.0,-10.526315789473696,-24.7,-0.42,-8.181894736842109
3816,MISC BERHAD,Transportation & Logistics Services,-11.764705882352944,-21.259293680297397,1.0,7.6,-8.187199868795103
4944,NYLEX (MALAYSIA) BERHAD,Chemicals,0.0,-25.86666666666666,-2.6,-0.26,-8.331999999999997
0056,NCT ALLIANCE BERHAD,Property,6.619385342789608,-35.64356435643564,0.9,0.41,-8.445253704093808
5037,COMPUGATES HOLDINGS BERHAD,Industrial Services,8.163265306122458,-35.71428571428572,-1.0,-0.03,-8.47130612244898
4677,YTL CORPORATION BERHAD,"Gas, Water & Multi-Utilities",4.0000000000000036,-36.036036036036045,2.1,3.03,-8.584810810810811
5121,HEKTAR REAL ESTATE INVESTMENT TRUST,Real Estate Investment Trusts,7.194244604316546,-36.76470588235294,0.6,0.61,-8.62913838341092
5009,WHITE HORSE BERHAD,Building Materials,-3.546099290780147,-24.13793103448276,-0.6,-1.64,-8.753209097578871
2305,AYER HOLDINGS BERHAD,Property,-24.04371584699454,-14.912280701754389,1.6,12.89,-8.788798964624679
8443,HIL INDUSTRIES BERHAD,Chemicals,-22.619047619047617,-10.185185185185189,2.1,2.91,-8.839269841269841
5219,PESTECH INTERNATIONAL BERHAD,Industrial Engineering,37.52834467120181,-39.19597989949749,-36.9,-4.92,-8.864290568488702
2143,ECM LIBRA FINANCIAL GROUP BERHAD,Other Financials,20.833333333333325,-51.10526315789474,0.5,0.19,-8.943578947368424
7113,TOP GLOVE CORPORATION BHD,Health Care Equipment & Services,79.51367781155014,-109.53206239168112,0.1,0.07,-8.971515374039292
8362,KYM HOLDINGS BERHAD,Packaging Materials,-20.542635658914733,-9.85507246376811,0.3,0.2,-9.019312436804853
5592,GRAND CENTRAL ENTERPRISES BHD,"Travel, Leisure & Hospitality",23.8805970149254,-53.6,-0.4,-0.35,-9.06582089552238
8133,BOUSTEAD HEAVY INDUSTRIES CORPORATION BHD,Transportation Equipment,86.23376623376625,-108.77192982456138,-10.1,-2.12,-9.205449077238537
6483,KENANGA INVESTMENT BANK BERHAD,Other Financials,4.688211197086933,-38.13559322033898,1.4,2.01,-9.352214606975615
0201,NOVA WELLNESS GROUP BERHAD,Pharmaceuticals,1.923076923076916,-34.61538461538461,1.5,0.54,-9.399692307692307
5289,TECHBOND GROUP BERHAD,Chemicals,0.0,-32.25806451612904,1.0,0.33,-9.411419354838712
7240,INFRAHARTA HOLDINGS BERHAD,Construction,-22.60869565217391,-7.710843373493981,-1.6,-0.18,-9.451861707700367
5195,CENSOF HOLDINGS BERHAD,Software,10.27667984189724,-42.85714285714286,1.1,0.21,-9.512138904573685
5147,SAMCHEM HOLDINGS BERHAD,Chemicals,-0.9922480620154994,-32.94117647058824,2.0,1.04,-9.57202735978112
9296,RCE CAPITAL BERHAD,Other Financials,-8.42824601366743,-27.225130890052352,3.3,1.9,-9.656013071115932
5260,ONLY WORLD GROUP HOLDINGS BERHAD,"Travel, Leisure & Hospitality",14.754098360655732,-47.38461538461538,0.3,0.15,-9.699155107187893
0097,VITROX CORPORATION BERHAD,Semiconductors,-2.200000000000002,-32.43243243243242,2.2,1.19,-9.711729729729727
9539,MULTI-USAGE HOLDINGS BERHAD,Property,-7.9999999999999964,-26.01476014760148,0.5,0.71,-9.962428044280443
6742,YTL POWER INTERNATIONAL BHD,"Gas, Water & Multi-Utilities",5.555555555555558,-44.498171954239886,2.5,5.74,-10.034784919605299
8672,KAMDAR GROUP (M) BERHAD,Retailers,-18.965517241379317,-12.12121212121211,-1.7,-1.85,-10.036018808777426
9822,SAM ENGINEERING & EQUIPMENT (M) BERHAD,"Industrial Materials, Components & Equipment",-13.625758282781153,-23.61963190184049,1.9,3.68,-10.05761705538649
7018,CME GROUP BERHAD,Industrial Services,39.2156862745098,-71.63333333333333,-1.8,-0.08,-10.101294117647058
1147,GLOBAL ORIENTAL BERHAD,Property,43.42105263157894,-76.92307692307692,-0.7,-0.39,-10.268607287449395
7201,PROGRESSIVE IMPACT CORPORATION BERHAD,Industrial Services,0.8547008547008517,-33.33333333333333,-3.6,-0.25,-10.513589743589744
7152,JAYCORP BERHAD,Houshold Goods,6.858407079646023,-43.47826086956522,1.3,0.96,-10.533956136975759
6211,KIA LIM BERHAD,Building Materials,-1.7543859649122862,-37.5,2.8,2.5,-10.716315789473684
5120,AMFIRST REAL ESTATE INVESTMENT TRUST,Real Estate Investment Trusts,1.167315175097272,-37.5,0.3,0.36,-10.767805447470819
4316,SIN HENG CHAN (MALAYA) BERHAD,Plantation,6.140350877192979,-43.24324324324324,0.8,0.72,-10.826867709815078
5129,MELATI EHSAN HOLDINGS BERHAD,Construction,-7.14285714285714,-29.299363057324847,0.0,0.1,-10.912666060054596
7060,NEW HOONG FATT HOLDINGS BERHAD,Automotive,2.6874115983026803,-42.10526315789473,1.0,3.31,-10.963355467877616
8745,S & F CAPITAL BERHAD,Wood & Wood Products,-17.36842105263158,-19.63190184049079,0.6,0.07,-10.966096867936711
5125,PANTECH GROUP HOLDINGS BERHAD,Metals,-6.62962962962963,-33.225806451612904,2.3,2.49,-10.998630824372759
5315,SKYWORLD DEVELOPMENT BERHAD,Property,-16.18341200269724,-24.083769633507856,1.7,1.45,-11.450154490861529
5202,MSM MALAYSIA HOLDINGS BERHAD,Food & Beverages,6.78071154084543,-37.95013850415512,-3.5,-7.08,-11.466828088992907
0008,WILLOWGLEN MSC BERHAD,Software,-0.974658869395717,-38.46153846153846,1.3,0.5,-11.470859199280254
5031,TIME DOTCOM BERHAD,Telecommunications Service Providers,2.9919727560204334,-44.9343339587242,1.6,3.18,-11.62670836081113
5140,TASCO BERHAD,Transportation & Logistics Services,8.077485380116967,-48.73417721518988,1.3,1.02,-11.733007550521874
5048,YB VENTURES BERHAD,Building Materials,10.365853658536594,-46.55172413793104,-2.3,-2.13,-11.741761143818335
1562,SPORTS TOTO BERHAD,"Travel, Leisure & Hospitality",-12.5,-31.3953488372093,4.0,3.06,-11.756604651162789
7986,CN ASIA CORPORATION BHD,"Industrial Materials, Components & Equipment",12.5,-52.398523985239855,0.4,0.05,-11.879557195571955
4758,ANCOM NYLEX BERHAD,Chemicals,-10.787806809184486,-31.221719457013577,2.2,1.26,-11.91085787985942
9148,GREATER BAY HOLDINGS BERHAD,Packaging Materials,11.688311688311682,-51.49700598802396,-0.3,-0.1,-12.022608289913682
4464,PEGASUS HEIGHTS BERHAD,Property,-9.677419354838712,-30.545454545454543,-0.9,-0.01,-12.248862170087977
6556,ANN JOO RESOURCES BERHAD,Metals,6.733479486376459,-34.111310592459596,-7.0,-13.3,-12.273349331824942
5305,SENHENG NEW RETAIL BERHAD,Retailers,-10.805626598465478,-30.76923076923077,0.7,0.24,-12.284457210308872
4006,ORIENTAL HOLDINGS BERHAD,Automotive,18.181818181818187,-70.10759919300605,1.2,14.33,-12.471734303356358
5054,TRC SYNERGY BERHAD,Construction,6.487232574189106,-49.15254237288136,0.6,0.65,-12.549592939607678
7050,WONG ENGINEERING CORPORATION BERHAD,"Industrial Materials, Components & Equipment",-20.353982300884955,-16.216216216216207,-6.7,-1.73,-12.657059555130349
7178,Y.S.P.SOUTHEAST ASIA HOLDING BERHAD,Pharmaceuticals,-3.7569060773480656,-41.666666666666664,0.9,2.45,-12.957071823204418
0207,MESTRON HOLDINGS BERHAD,Metals,-3.1400966183574908,-41.666666666666664,1.6,0.22,-13.078028985507245
5131,ZHULIAN CORPORATION BERHAD,Consumer Services,-6.140350877192979,-38.70967741935484,0.9,0.82,-13.111008488964346
7191,ADVENTA BERHAD,Health Care Equipment & Services,90.12345679012346,-134.6315789473684,0.7,0.22,-13.168436647173486
6963,V.S. INDUSTRY BERHAD,"Industrial Materials, Components & Equipment",-8.333333333333337,-37.55102040816326,1.3,0.79,-13.34730612244898
5932,BINA PURI HOLDINGS BHD,Construction,46.60633484162895,-90.44117647058825,-1.5,-0.2,-13.49045248868779
7293,YINSON HOLDINGS BERHAD,"Energy, Infrastructure, Equipment & Services",-32.14285714285714,-19.354838709677423,3.5,6.2,-13.509308755760367
8982,CEPATWAWASAN GROUP BERHAD,Plantation,-2.587322121604141,-43.85964912280702,0.8,1.05,-13.564091373323347
5665,SOUTHERN STEEL BERHAD,Metals,-4.486540378863413,-35.1010101010101,-4.7,-4.31,-13.678265143962053
5056,ENGTEX GROUP BERHAD,Metals,-2.2782095952827652,-43.75,0.2,0.23,-13.722462878584832
7199,KEIN HING INTERNATIONAL BERHAD,Metals,10.947930574098796,-58.82352941176471,1.2,1.92,-13.738679651299774
5265,OASIS HARVEST CORPORATION BERHAD,"Travel, Leisure & Hospitality",-4.347826086956519,-39.771283354510814,-3.4,-0.77,-14.069732832440199
4065,PPB GROUP BERHAD,Food & Beverages,-13.33333333333333,-44.14922168545357,0.8,14.63,-14.158766505636068
7248,SLP RESOURCES BERHAD,Packaging Materials,-7.913669064748197,-40.74074074074075,0.9,0.49,-14.318322941646683
0172,OCK GROUP BERHAD,Telecommunications Service Providers,-18.390219052470712,-31.06796116504854,1.1,0.67,-14.483454065255776
5316,MST GOLF GROUP BERHAD,Retailers,0.8505467800729027,-49.5,0.4,0.1,-14.49483596597813
5198,ABM FUJIYA BERHAD,Auto Parts,28.99408284023668,-76.38888888888889,-1.2,-0.92,-14.64244181459566
5269,AL-SALAM REAL ESTATE INVESTMENT TRUST,Real Estate Investment Trusts,-1.0309278350515427,-48.14814814814815,0.2,0.24,-14.665722794959908
6017,SHL CONSOLIDATED BHD,Property,-26.890756302521012,-27.485380116959067,1.3,5.12,-15.028840925844019
0246,CNERGENZ BERHAD,Technology Equipment,0.3676470588235281,-52.5,0.6,0.19,-15.481705882352943
7226,WATTA HOLDING BERHAD,Auto Parts,-27.27272727272727,-23.33848531684699,-1.0,-0.59,-15.501363776872276
6602,BCB BERHAD,Property,-22.376237623762375,-30.555555555555557,0.5,0.61,-15.657537953795378
7439,TECK GUAN PERDANA BERHAD,Agricultural Products,-25.08214676889375,-33.333333333333336,2.0,5.97,-15.930644030668127
5249,IOI PROPERTIES GROUP BERHAD,Property,6.1574074074074,-60.321100917431195,0.3,1.26,-15.937108053007139
0239,ECOMATE HOLDINGS BERHAD,Houshold Goods,9.92366412213741,-64.25,1.3,0.16,-16.005900763358774
7154,CLASSITA HOLDINGS BERHAD,Personal Goods,63.440860215053775,-117.16666666666666,0.1,0.02,-16.093741935483866
7052,PADINI HOLDINGS BERHAD,Retailers,1.2622359608449152,-56.928838951310865,1.0,1.75,-16.14998089713978
7231,WELLCALL HOLDINGS BERHAD,"Industrial Materials, Components & Equipment",-2.7444253859348233,-56.42458100558659,5.5,1.57,-16.33670191745642
7133,UNITED U-LI CORPORATION BERHAD,"Industrial Materials, Components & Equipment",-12.374100719424463,-45.13274336283186,1.6,2.84,-16.364053224676894
7128,CAM RESOURCES BERHAD,Houshold Goods,30.415754923413573,-86.04651162790698,0.8,0.65,-16.399227011348025
9121,KPS CONSORTIUM BERHAD,Wood & Wood Products,-12.54467476769121,-44.73684210526315,1.2,2.55,-16.434455061886307
5191,TAMBUN INDAH LAND BERHAD,Property,-15.975103734439832,-41.08527131782945,1.0,1.74,-16.570112515680787
5843,KUMPULAN PERANGSANG SELANGOR BERHAD,Diversified Industrials,-17.212376088915594,-39.68253968253968,0.4,0.7,-16.848474731436582
4375,SOUTH MALAYSIA INDUSTRIES BERHAD,Property,-20.999999999999996,-33.33333333333333,-1.9,-1.15,-16.909999999999997
6939,FIAMMA HOLDINGS BERHAD,Houshold Goods,4.559915164369044,-61.904761904761905,0.6,0.76,-16.931454022117855
7045,SCOMI ENERGY SERVICES BHD,"Energy, Infrastructure, Equipment & Services",0.0,-70.98214285714286,21.1,-0.04,-17.082642857142854
5197,FOCUS LUMBER BERHAD,Wood & Wood Products,12.5,-66.66666666666667,-2.8,-2.07,-17.224
8125,SCIENTEX PACKAGING (AYER KEROH) BERHAD,Packaging Materials,3.641618497109822,-62.33766233766234,0.7,0.83,-17.302813152165754
0083,NOTION VTEC BERHAD,Technology Equipment,47.247247247247245,-108.05555555555554,0.7,0.55,-17.99249249249249
5230,TUNE PROTECT GROUP BERHAD,Insurance,-6.267539756782037,-55.263157894736835,1.1,0.78,-18.083209295455664
5227,IGB REAL ESTATE INVESTMENT TRUST,Real Estate Investment Trusts,3.740814963259842,-68.24890307140008,2.0,2.21,-18.510426432442074
7223,JADI IMAGING HOLDINGS BERHAD,Consumer Services,-16.393442622950815,-37.903225806451616,-11.0,-0.55,-18.599000528820728
7086,ABLEGROUP BERHAD,Building Materials,-7.692307692307687,-55.08474576271186,0.4,0.06,-18.741116036505865
4634,POS MALAYSIA BERHAD,Transportation & Logistics Services,-0.5847953216374324,-49.84984984984986,-13.6,-6.37,-19.124393551446186
0196,QES GROUP BERHAD,"Industrial Materials, Components & Equipment",7.749077490774914,-72.09302325581395,0.7,0.15,-19.133183729511707
9792,SEG INTERNATIONAL BHD,Consumer Services,0.2032520325203179,-64.86486486486487,1.2,0.11,-19.136483849703367
0208,GREATECH TECHNOLOGY BERHAD,Technology Equipment,-16.014234875444842,-50.74946466809423,2.7,0.91,-19.307109863061722
7160,PENTAMASTER CORPORATION BERHAD,Technology Equipment,-16.87880464858882,-49.787234042553195,1.6,1.66,-19.347811607342603
3182,GENTING BERHAD,"Travel, Leisure & Hospitality",-12.16216216216216,-57.0028818443804,0.7,5.81,-19.447513201962767
7765,RAPID SYNERGY BERHAD,Property,-43.0379746835443,-41.726618705035975,10.6,18.42,-19.62537801657408
7374,TIEN WAH PRESS HOLDINGS BERHAD,Industrial Services,4.6961325966850875,-70.72,0.3,0.51,-19.645160220994473
0037,RGB INTERNATIONAL BHD,"Travel, Leisure & Hospitality",-44.71830985915493,-26.717557251908396,7.4,1.25,-19.700760133318997
5291,HPMT HOLDINGS BERHAD,"Industrial Materials, Components & Equipment",9.433962264150942,-75.41322314049587,0.2,0.07,-19.73977826290348
7207,SUCCESS TRANSFORMER CORPORATION BERHAD,"Industrial Materials, Components & Equipment",-13.548387096774196,-53.333333333333336,0.6,0.89,-19.766516129032258
7062,KHIND HOLDINGS BERHAD,Houshold Goods,11.245674740484436,-78.95833333333333,-0.1,-0.24,-20.381797577854663
5247,KAREX BERHAD,Personal Goods,4.247104247104239,-73.58490566037736,0.3,0.13,-20.71534042398194
4243,WTK HOLDINGS BERHAD,Wood & Wood Products,6.1431285623812615,-76.0,0.2,0.39,-20.839061431285625
0166,INARI AMERTRON BERHAD,Semiconductors,1.067986454805947,-71.64705882352942,0.9,0.64,-20.86572171061704
5303,SWIFT HAULAGE BERHAD,Transportation & Logistics Services,8.988095238095228,-79.5774647887324,0.8,0.65,-20.88681086519115
3441,JOHAN HOLDINGS BERHAD,Other Financials,-48.52941176470589,-19.999999999999996,-2.3,-0.36,-21.090823529411765
9776,SINMAH CAPITAL BERHAD,Agricultural Products,-16.36363636363637,-50.0,-5.2,-0.96,-21.14109090909091
9369,TEO GUAN LEE CORPORATION BERHAD,Personal Goods,0.4854368932038833,-72.04347826086956,0.5,0.76,-21.2154124102997
0012,THREE-A RESOURCES BERHAD,Food & Beverages,-6.7585301837270295,-65.78947368421053,1.1,1.07,-21.33040116038127
7107,ORIENTAL FOOD INDUSTRIES HOLDINGS BERHAD,Food & Beverages,6.509945750452073,-78.89908256880733,0.9,0.96,-21.344741045506577
7095,P.I.E. INDUSTRIAL BERHAD,"Industrial Materials, Components & Equipment",-18.716755319148938,-55.10204081632652,1.3,2.24,-21.437638840642634
6807,PUNCAK NIAGA HOLDINGS BERHAD,Construction,-49.21465968586387,-18.272425249169434,-2.0,-5.49,-21.74412548050999
2984,FACB INDUSTRIES INCORPORATED BERHAD,Metals,-29.75206611570248,-43.7,0.3,0.67,-21.841619834710745
7323,KEN HOLDINGS BERHAD,Property,-40.56603773584906,-35.0,0.7,1.47,-22.235811320754717
7227,UMS-NEIKEN GROUP BERHAD,"Industrial Materials, Components & Equipment",-2.7932960893854775,-72.0625,0.4,0.57,-22.262738826815642
2054,TDM BERHAD,Plantation,10.097919216646268,-85.36585365853658,0.4,0.14,-22.472380332567095
7066,YONG TAI BERHAD,Property,-38.34586466165414,-34.92063492063493,-1.5,-0.97,-22.47394987468672
7216,KAWAN FOOD BERHAD,Food & Beverages,12.24747474747474,-87.54545454545455,0.3,0.27,-22.475393939393943
5223,MENTIGA CORPORATION BERHAD,Plantation,45.83333333333333,-122.64102564102564,0.4,1.23,-22.71630769230769
6998,BINTAI KINDEN CORPORATION BERHAD,Industrial Engineering,-25.75757575757576,-48.33333333333333,-2.7,-0.25,-22.817272727272726
0078,GDEX BERHAD,Transportation & Logistics Services,7.121661721068251,-82.92682926829268,-0.4,-0.03,-22.827550264167325
0197,WEGMANS HOLDINGS BERHAD,Houshold Goods,-34.92537313432836,-40.8450704225352,-0.9,-0.22,-22.95513306705907
5042,TSR CAPITAL BERHAD,Construction,107.0,-185.59411146161935,0.6,0.5,-23.3582334384858
9997,PENSONIC HOLDINGS BERHAD,Houshold Goods,9.15300546448088,-87.5,0.0,0.03,-23.498098360655735
9741,ROHAS TECNIC BERHAD,Industrial Engineering,-21.485714285714288,-57.3,0.3,0.18,-23.539714285714282
8478,HWA TAI INDUSTRIES BERHAD,Food & Beverages,27.27272727272727,-106.5,0.5,0.17,-23.63418181818182
5199,HIBISCUS PETROLEUM BERHAD,Oil & Gas Producers,-36.05679078489151,-51.00453661697991,2.7,9.54,-23.670398220561424
0219,RESERVOIR LINK ENERGY BHD,"Energy, Infrastructure, Equipment & Services",-36.63220088626292,-43.00000000000001,0.7,0.22,-23.70566026587888
0149,FIBON BERHAD,"Industrial Materials, Components & Equipment",-1.8867924528301885,-79.71428571428572,0.5,0.29,-24.32232345013477
7017,KOMARKCORP BERHAD,Packaging Materials,-65.67164179104478,-14.814814814814811,-2.5,-1.01,-24.847936981757876
5100,BP PLASTICS HOLDING BHD,Packaging Materials,6.655290102389078,-90.02739726027397,0.3,0.26,-24.89963214736547
0059,ECOBUILT HOLDINGS BERHAD,Telecommunications Service Providers,0.0,0.0,-115.9,-10.0,-25.180000000000003
2259,TALAM TRANSFORM BERHAD,Property,-64.1025641025641,-17.85714285714286,-3.1,-0.15,-25.23791208791209
5248,BERMAZ AUTO BERHAD,Automotive,-35.309999999999995,-55.271920088790225,5.4,3.45,-25.404576026637063
9695,PLS PLANTATIONS BERHAD,Plantation,-18.927444794952685,-66.33333333333333,0.2,0.11,-25.516233438485806
2607,INCH KENNETH KAJANG RUBBER PUBLIC LTD CO,Plantation,-32.18390804597702,-53.44506517690875,0.0,0.07,-25.674691966865726
0136,GREENYIELD BERHAD,Agricultural Products,-12.871287128712872,-72.91304347826086,-0.5,-0.11,-25.85729918209212
5163,SEREMBAN ENGINEERING BERHAD,Industrial Engineering,-25.0,-62.33183856502242,0.7,0.32,-25.995551569506727
4847,EPICON BERHAD,Construction,6.426735218509005,-95.78414839797638,3.2,0.42,-26.083223953840214
7025,WOODLANDOR HOLDINGS BHD,Wood & Wood Products,13.33333333333333,-102.14521452145216,0.0,0.03,-26.637564356435647
8591,CREST BUILDER HOLDINGS BERHAD,Construction,20.55084745762712,-110.67213114754098,0.2,0.4,-26.916385106974158
3719,PANASONIC MANUFACTURING MALAYSIA BERHAD,Houshold Goods,-0.1269035532994955,-92.46987951807228,0.3,4.0,-26.91903492141153
0143,KEY ASIC BERHAD,Semiconductors,-28.301886792452834,-59.375,-5.6,-0.09,-27.44106603773585
3565,WCE HOLDINGS BERHAD,Construction,-34.40347071583514,-56.19834710743802,-1.1,-0.35,-27.470545346981943
0101,TMC LIFE SCIENCES BERHAD,Health Care Providers,-11.255411255411252,-80.79470198675497,0.3,0.17,-27.521033972649867
5673,JENTAYU SUSTAINABLES BERHAD,Industrial Services,-51.315789473684205,-38.02816901408451,-3.1,-0.98,-27.619187546330615
7803,HEXTAR HEALTHCARE BERHAD,Health Care Equipment & Services,-33.18681318681319,-58.163265306122454,-0.8,-0.4,-27.64502354788069
2828,C.I. HOLDINGS BERHAD,Food & Beverages,-16.666666666666664,-78.06122448979592,0.9,2.64,-27.710367346938778
9571,MITRAJAYA HOLDINGS BERHAD,Construction,93.57638888888889,-187.0967741935484,0.4,0.35,-27.906115591397857
5001,MIECO CHIPBOARD BERHAD,Wood & Wood Products,9.384460141271433,-103.7037037037037,0.5,0.17,-28.161773068729676
7020,ASTEEL GROUP BERHAD,Metals,-1.6742770167427867,-91.96551724137932,-0.4,-0.05,-28.181938277436632
2755,FCW HOLDINGS BERHAD,Houshold Goods,-5.555555555555558,-89.03508771929825,0.2,0.25,-28.28719298245614
7071,OCR GROUP BERHAD,Construction,-81.03448275862068,-14.080000000000004,0.3,0.03,-28.468344827586204
7137,UMS HOLDINGS BERHAD,"Industrial Materials, Components & Equipment",11.309523809523814,-106.20782726045884,0.0,-0.11,-28.491491035280504
2445,KUALA LUMPUR KEPONG BERHAD,Plantation,-1.7241379310344862,-94.15305245055887,0.0,0.6,-28.643157114478004
4286,SEAL INCORPORATED BERHAD,Property,18.518518518518512,-113.56783919597989,-0.5,-0.4,-28.694796203238408
0146,JF TECHNOLOGY BERHAD,Technology Equipment,-6.542056074766355,-89.58064516129032,0.2,0.03,-28.790810370817002
7208,EURO HOLDINGS BERHAD,Consumer Services,-40.71146245059288,-56.75675675675676,-4.7,-0.24,-30.22846576220489
0250,YX PRECIOUS METALS BHD,Personal Goods,-6.716417910447758,-94.3157894736842,0.1,0.03,-30.28366221523959
7722,ASIA BRANDS BERHAD,Personal Goods,-9.375,-91.8,0.1,0.07,-30.3185
1503,GUOCOLAND (MALAYSIA) BERHAD,Property,-49.41275167785235,-52.08333333333333,0.2,0.35,-30.3388255033557
9601,HO WAH GENTING BERHAD,"Industrial Materials, Components & Equipment",4.209541627689428,-105.34375,-0.2,-0.08,-30.396262511693166
7139,NICHE CAPITAL EMAS HOLDINGS BERHAD,Personal Goods,-98.78620689655172,-0.0,-3.7,-0.22,-30.419862068965514
4219,BERJAYA LAND BERHAD,"Travel, Leisure & Hospitality",-9.999999999999998,-92.4119241192412,0.1,0.06,-30.69157723577236
2429,TANCO HOLDINGS BERHAD,Property,-25.47528517110266,-76.88679245283019,0.0,0.0,-30.708623287179854
5187,HB GLOBAL LIMITED,Food & Beverages,-10.483870967741938,-91.9,-0.6,-0.07,-30.84916129032258
0118,TRIVE PROPERTY GROUP BERHAD,Technology Equipment,-30.47619047619048,-73.33333333333334,0.0,0.0,-31.142857142857146
0049,OCEANCASH PACIFIC BERHAD,Personal Goods,-4.040404040404044,-101.51133501259446,1.3,0.63,-31.27952171589955
1619,DRB-HICOM BERHAD,Automotive,2.499999999999991,-107.48587570621469,-0.1,-0.27,-31.569762711864403
9717,SYCAL VENTURES BERHAD,Construction,-93.804537521815,-11.578947368421057,0.1,0.04,-31.587045467070823
3158,YNH PROPERTY BERHAD,Property,-58.05422647527912,-44.11764705882353,-1.9,-3.92,-31.815562060230793
8834,IREKA CORPORATION BERHAD,Construction,-95.10086455331412,-12.195121951219502,2.9,-1.68,-31.944795951360085
5104,CITRA NUSA HOLDINGS BERHAD,Consumer Services,-3.821656050955413,-100.94562647754135,-2.6,-0.23,-31.996184758549028
5066,NTPM HOLDINGS BERHAD,Houshold Goods,-2.625723186470852,-104.05,0.0,0.01,-32.00071695594125
5204,AWANBIRU TECHNOLOGY BERHAD,Digital Services,-60.60606060606061,-47.02970297029702,0.4,0.08,-32.19472907290729
9873,PRESTAR RESOURCES BERHAD,Metals,-21.567217828900077,-86.48648648648648,0.2,0.29,-32.31811129461597
8885,AVILLION BERHAD,"Travel, Leisure & Hospitality",-5.05050505050505,-103.08880308880308,0.0,0.0,-32.44179244179244
7130,RENEUCO BERHAD,Personal Goods,-10.86956521739132,-97.44204636290968,-1.7,-0.31,-32.8954834740903
7247,SCGM BHD,Packaging Materials,0.0,-109.23076923076924,-1.0,-0.62,-33.09323076923078
7935,MILUX CORPORATION BERHAD,Houshold Goods,-15.789473684210533,-95.77754891864058,-0.1,-0.02,-33.49410678085533
7016,CHUAN HUAT RESOURCES BHD,Building Materials,20.59988681380871,-130.76923076923077,-1.0,-1.78,-33.60680318662663
7222,IMASPRO CORPORATION BERHAD,Chemicals,-18.055555555555557,-94.85714285714286,0.1,0.14,-33.825809523809525
9008,OMESTI BERHAD,Digital Services,-40.520446096654275,-58.33333333333333,-19.3,-1.75,-33.86613382899628
6173,BINA DARULAMAN BERHAD,Property,-29.751243781094526,-83.89999999999999,0.2,0.26,-34.003373134328356
7188,BTM RESOURCES BERHAD,Wood & Wood Products,-89.0721649484536,-22.72727272727273,-2.2,-0.13,-34.0058313027179
8435,CONCRETE ENGINEERING PRODUCTS BERHAD,Building Materials,-52.6027397260274,-64.70588235294117,3.0,2.38,-34.11658662369057
0051,CUSCAPI BERHAD,Software,100.0,-219.51219512195124,7.4,0.52,-34.269658536585375
3042,PETRON MALAYSIA REFINING & MARKETING BHD,Oil & Gas Producers,-22.44897959183674,-94.38339438339436,0.2,1.72,-34.66571219256933
5188,CHINA OUHUA WINERY HOLDINGS LIMITED,Food & Beverages,-60.0,-55.00000000000001,-0.9,-0.13,-34.706
7078,AHMAD ZAKI RESOURCES BERHAD,Construction,-19.08831908831908,-96.455,-0.4,-0.11,-34.76499572649572
7253,HANDAL ENERGY BERHAD,"Energy, Infrastructure, Equipment & Services",-73.62637362637363,-32.25806451612904,-17.3,-0.52,-35.3293314427508
6637,PNE PCB BERHAD,"Industrial Materials, Components & Equipment",19.41176470588235,-138.6875,1.4,0.11,-35.48072058823529
4405,TAN CHONG MOTOR HOLDINGS BERHAD,Automotive,-28.793474915358573,-78.10650887573965,-3.5,-13.85,-35.53999513732947
0268,L&P GLOBAL BERHAD,Industrial Services,-30.482456140350877,-88.578125,0.7,0.13,-35.55217434210526
7117,CJ CENTURY LOGISTICS HOLDINGS BERHAD,Transportation & Logistics Services,1.0031347962382364,-120.45714285714286,-0.2,-0.12,-35.900202418271384
5161,JCY INTERNATIONAL BERHAD,Technology Equipment,32.93650793650793,-155.4421768707483,2.4,0.77,-36.117700680272115
0183,SALUTICA BERHAD,Personal Goods,-50.68493150684932,-60.00000000000001,-13.4,-2.09,-36.303479452054795
5281,ADVANCECON HOLDINGS BERHAD,Construction,-21.92339038304808,-100.6611570247934,0.0,0.0,-36.775364222352444
7043,XIN SYNERGY GROUP BERHAD,Building Materials,-83.87096774193549,-40.0,-0.6,-0.25,-37.331290322580635
5703,MUHIBBAH ENGINEERING (M) BHD,Construction,47.526132404181176,-172.1311475409836,-0.3,-0.61,-37.56350454104073
7120,AXTERIA GROUP BERHAD,Property,-47.247706422018354,-79.07801418439716,0.1,0.01,-37.87571618192465
5192,K.SENG SENG CORPORATION BERHAD,"Industrial Materials, Components & Equipment",0.4784688995215225,-128.2051282051282,0.9,0.64,-38.009997791682004
7077,KERJAYA PROSPEK PROPERTY BERHAD,Property,-49.13419913419913,-81.14035087719299,0.6,0.8,-38.80236500341764
7073,SEACERA GROUP BERHAD,Building Materials,-50.877192982456144,-80.06666666666666,0.0,0.05,-39.27315789473685
5286,MI TECHNOVATION BERHAD,Technology Equipment,19.613821138211375,-150.70422535211267,-0.7,-0.8,-39.627121264170384
6041,FARLIM GROUP (MALAYSIA) BHD,Property,53.33333333333334,-189.47368421052633,1.5,1.12,-40.318105263157896
2674,ALCOM GROUP BERHAD,Metals,7.457627118644061,-140.3225806451613,-1.1,-1.86,-40.45148605795517
5252,SASBADI HOLDINGS BERHAD,Media,40.47619047619047,-173.3333333333333,-2.7,-0.94,-40.58514285714285
9407,PARAGON UNION BERHAD,Houshold Goods,-36.904761904761905,-99.71910112359552,0.0,0.03,-40.981158908507226
7168,PRG HOLDINGS BERHAD,Personal Goods,-15.028248587570625,-121.93333333333334,-0.2,-0.08,-41.14447457627118
3174,LAND & GENERAL BERHAD,Property,-48.394004282655246,-89.16256157635468,0.2,0.07,-41.21296975770297
7229,FAVELLE FAVCO BERHAD,Industrial Engineering,26.6,-162.8099173553719,-1.0,-3.22,-41.70697520661157
0090,ELSOFT RESEARCH BERHAD,Technology Equipment,-43.75,-95.6,0.1,0.01,-41.78299999999999
5253,ECONPILE HOLDINGS BERHAD,Construction,-33.582089552238806,-105.9375,0.0,0.01,-41.85387686567164
9288,BONIA CORPORATION BERHAD,Personal Goods,-16.80497925311203,-122.5,-0.4,-0.92,-42.055493775933606
7221,BSL CORPORATION BERHAD,Metals,-33.46153846153847,-113.41463414634148,5.7,0.57,-42.80885178236399
1899,BATU KAWAN BERHAD,Plantation,-1.6666666666666718,-137.5,-0.3,-5.03,-42.816
2682,PARKWOOD HOLDINGS BERHAD,Property,-58.06451612903225,-84.83333333333334,0.1,0.07,-42.83535483870967
5190,BENALEC HOLDINGS BERHAD,Construction,17.272727272727263,-162.9139072847682,2.6,0.93,-42.98635400361227
5184,CYPARK RESOURCES BERHAD,Industrial Services,-11.030741410488243,-131.8548387096774,-0.5,-0.77,-43.1196740360497
7889,THRIVEN GLOBAL BERHAD,Property,-34.09090909090909,-110.09090909090908,0.4,0.08,-43.158545454545454
8176,ATA IMS BERHAD,"Industrial Materials, Components & Equipment",-56.218057921635435,-82.22222222222221,-7.0,-2.04,-43.3400840431573
5205,EVERSENDAI CORPORATION BERHAD,Construction,-31.983805668016196,-113.9240506329114,1.5,0.56,-43.36035689027828
5169,HO HUP CONSTRUCTION COMPANY BHD,Construction,-89.25233644859813,-50.806451612903224,-6.5,-3.6,-44.0376364184504
7076,CB INDUSTRIAL PRODUCT HOLDING BERHAD,"Industrial Materials, Components & Equipment",-25.551782682512737,-120.71428571428572,-0.3,-0.61,-44.061820519039536
5208,EITA RESOURCES BERHAD,"Industrial Materials, Components & Equipment",20.83818393480792,-167.85714285714286,-1.6,-1.27,-44.679687676700475
7181,ARB BERHAD,Software,-55.886157826649416,-94.34523809523807,1.0,0.16,-44.837418776566246
5237,MPHB Capital Berhad,Property,10.000000000000009,-160.45454545454544,0.0,-0.1,-45.156363636363636
7501,HARN LEN CORPORATION BHD,Plantation,77.45098039215685,-232.43243243243245,1.5,0.86,-46.022435612082674
6068,PCCS GROUP BERHAD,Personal Goods,35.891381345926796,-185.71428571428572,-6.2,-4.5,-47.086871310507675
7080,PERMAJU INDUSTRIES BERHAD,Automotive,-64.6341463414634,-91.1764705882353,-2.6,-0.36,-47.33518507890962
9172,FORMOSA PROSONIC INDUSTRIES BERHAD,Houshold Goods,-14.456289978678038,-137.01431492842536,-3.5,-7.06,-47.55318147213102
5283,ECO WORLD INTERNATIONAL BERHAD,Property,-95.45454545454544,-67.6392572944297,-0.9,-0.51,-49.21014082469253
5134,SOUTHERN ACIDS (M) BERHAD,Chemicals,28.215053763440867,-196.29629629629628,0.7,3.77,-49.53037275985662
7157,CYL CORPORATION BERHAD,Packaging Materials,0.9345794392523256,-170.23809523809524,0.8,0.47,-50.53705473965287
9598,PINTARAS JAYA BHD,Construction,54.19630156472262,-225.0,1.0,2.4,-50.56110953058322
6076,ENCORP BERHAD,Property,-28.327645051194537,-136.0,-3.5,-3.72,-50.74229351535836
8532,PERTAMA DIGITAL BERHAD,Personal Goods,0.0,-171.89349112426035,1.5,0.06,-51.256047337278105
9628,LEBTECH BERHAD,Construction,-59.70149253731343,-113.41463414634148,-0.1,-0.07,-51.96883800509648
6912,PASDEC HOLDINGS BERHAD,Property,-75.79908675799088,-98.32758620689656,0.0,0.02,-52.234001889466235
7233,DUFU TECHNOLOGY CORP. BERHAD,"Industrial Materials, Components & Equipment",19.3840579710145,-194.1176470588235,-1.0,-0.6,-52.7400767263427
7164,KNM GROUP BERHAD,Other Energy Resources,-25.58210784313726,-137.53846153846152,-17.4,-1.91,-52.79817081447963
3476,KECK SENG (MALAYSIA) BERHAD,Diversified Industrials,31.818181818181813,-201.66204986149583,-1.4,-10.2,-53.27316041299421
7053,SEE HUP CONSOLIDATED BERHAD,Transportation & Logistics Services,5.067567567567566,-188.659793814433,0.2,0.22,-54.99366787405963
5213,SENTORIA GROUP BERHAD,Property,-111.01321585903084,-5.514705882352944,-93.1,-8.38,-55.25437652241514
3905,MULPHA INTERNATIONAL BERHAD,"Travel, Leisure & Hospitality",-41.207474844274074,-136.19246861924685,-1.0,-11.12,-55.64398303905627
5231,PBS BERHAD,Consumer Services,-61.49068322981367,-120.1923076923077,-6.4,-0.7,-55.92489727663641
3247,GUH HOLDINGS BERHAD,"Industrial Materials, Components & Equipment",-7.352941176470584,-178.26086956521738,-0.8,-1.27,-56.09814322250638
4081,PAN MALAYSIA CORPORATION BERHAD,"Travel, Leisure & Hospitality",-11.16352201257862,-171.42857142857142,-5.6,-1.31,-56.159628032345005
5035,KNUSFORD BERHAD,Industrial Services,-54.02985074626866,-133.76623376623377,-1.2,-2.65,-57.108825353750724
2127,COMFORT GLOVES BERHAD,"Industrial Materials, Components & Equipment",45.71823204419889,-232.91139240506328,-3.2,-4.54,-57.70594810825931
2852,CAHYA MATA SARAWAK BERHAD,Building Materials,-0.662471016893007,-192.0,-0.3,-0.86,-58.0307413050679
7014,YLI HOLDINGS BERHAD,Metals,-40.476190476190474,-152.0,-5.1,-6.1,-59.98285714285715
3239,BERJAYA ASSETS BERHAD,Property,15.780141843971627,-217.3913043478261,0.2,0.11,-60.421348751156344
9237,SARAWAK CONSOLIDATED INDUSTRIES BERHAD,Building Materials,14.467005076142136,-218.7904967602592,-0.7,-0.17,-61.47104750523511
7412,SHH RESOURCES HOLDINGS BERHAD,Houshold Goods,-9.72222222222222,-193.75,-1.8,-1.46,-61.693666666666665
6399,ASTRO MALAYSIA HOLDINGS BERHAD,Media,-9.522085445329475,-199.57537154989384,3.9,0.9,-61.769237098567
5136,HEXTAR TECHNOLOGIES SOLUTIONS BERHAD,Transportation & Logistics Services,-7.452339688041598,-200.0,-4.0,-0.2,-63.075701906412476
7757,UPA CORPORATION BHD,Consumer Services,-24.054054054054053,-185.1851851851852,-0.9,-0.97,-63.14577177177178
9091,EMICO HOLDINGS BERHAD,Consumer Services,-17.218543046357617,-194.1176470588235,-3.0,-1.24,-64.24885703155434
6888,AXIATA GROUP BERHAD,Telecommunications Service Providers,-7.017543859649122,-222.48557812891897,4.6,10.6,-65.81093659657043
5311,CAPE EMS BERHAD,Diversified Industrials,4.4117647058823595,-225.0,-4.2,-1.91,-67.3984705882353
7028,ZECON BERHAD,Construction,7.526881720430101,-241.46341463414635,4.8,7.85,-67.65095987411489
3883,MUDA HOLDINGS BERHAD,Packaging Materials,-2.342606149341142,-219.6969696969697,-1.7,-6.92,-68.33587275389326
5071,COASTAL CONTRACTS BHD,"Energy, Infrastructure, Equipment & Services",-88.68940754039497,-131.94534808067664,-3.0,-9.17,-68.62442668632147
5614,NUENERGY HOLDINGS BERHAD,Transportation & Logistics Services,-83.91608391608392,-147.94520547945206,1.6,1.8,-68.8783868186608
8702,TEXCHEM RESOURCES BERHAD,Diversified Industrials,15.413070283600485,-246.66666666666669,0.7,0.95,-69.04607891491986
7097,TA WIN HOLDINGS BERHAD,Metals,37.997512437810954,-264.2857142857143,-6.9,-0.44,-69.35446055437097
2135,GOPENG BERHAD,Plantation,219.23076923076923,-463.3217993079585,-0.6,-0.53,-73.45330902315679
5657,PARKSON HOLDINGS BERHAD,Retailers,-15.635367084956007,-231.81818181818184,0.5,0.63,-74.01006467094135
7617,MAGNA PRIMA BERHAD,Property,-48.09523809523809,-187.1794871794872,-11.5,-8.39,-74.56041758241759
9075,THETA EDGE BERHAD,Digital Services,-24.71910112359551,-213.63636363636363,-10.6,-5.84,-74.79463942798775
0082,GREEN PACKET BERHAD,Telecommunications Service Providers,-31.553133514986374,-220.8571428571429,1.0,0.02,-75.51908291163878
5007,CHIN WELL HOLDINGS BERHAD,"Industrial Materials, Components & Equipment",26.37231503579953,-276.9230769230769,-0.7,-1.61,-75.6272285661832
5797,CHOO BEE METAL INDUSTRIES BHD,Metals,-6.143667296786393,-246.42857142857144,-1.6,-4.94,-77.07967161760735
7165,VELOCITY CAPITAL PARTNER BERHAD,Building Materials,-30.188679245283023,-236.36363636363632,-0.4,-0.11,-80.0676946826758
5087,MYCRON STEEL BERHAD,Metals,21.867321867321877,-291.6666666666667,-0.4,-0.69,-81.15780343980344
7129,ASIA FILE CORPORATION BHD,Consumer Services,-13.291139240506332,-253.62318840579707,-1.4,-5.44,-81.442298293891
7180,SERN KOU RESOURCES BERHAD,Houshold Goods,-3.574033552151723,-271.42857142857144,0.1,0.03,-82.47478149421696
5183,PETRONAS CHEMICALS GROUP BERHAD,Chemicals,17.647058823529417,-286.0849056603774,-2.1,-10.0,-82.9513540510544
9393,INDUSTRONICS BERHAD,Technology Equipment,-84.10596026490066,-187.6712328767123,-7.5,-0.3,-83.09315794248388
5101,EVERGREEN FIBREBOARD BERHAD,Wood & Wood Products,9.662640566430646,-301.8181818181818,-1.1,-1.31,-88.12866237552535
6254,PDZ HOLDINGS BHD,Transportation & Logistics Services,-4.761904761904767,-296.969696969697,0.5,0.09,-90.40148051948053
5011,MESINIAGA BERHAD,Digital Services,-35.448916408668715,-266.6666666666667,-2.3,-4.07,-91.9086749226006
7081,PHARMANIAGA BERHAD,Pharmaceuticals,12.930547713156404,-304.868154158215,-57.7,7.01,-97.71928193351759
9954,RGT BERHAD,Chemicals,17.437722419928825,-356.4102564102564,-1.2,-0.51,-102.03376019709827
5196,BERJAYA FOOD BERHAD,"Travel, Leisure & Hospitality",-55.40394973070018,-277.36842105263156,-9.4,-1.9,-102.09171123499951
7114,D'NONCE TECHNOLOGY BHD,Packaging Materials,4.008908685968815,-344.44444444444446,-2.9,-0.76,-102.86266072754269
1481,ADVANCE SYNERGY BERHAD,"Travel, Leisure & Hospitality",1.8927444794952564,-350.0,-3.0,-0.46,-105.12417665615142
0029,DIGISTAR CORPORATION BERHAD,Digital Services,2.6315789473684292,-50.0,-457.1,-0.64,-105.75852631578948
5021,AYS VENTURES BERHAD,Building Materials,-16.75560298826041,-334.48275862068965,-1.5,-1.63,-105.997508482685
5284,LOTTE CHEMICAL TITAN HOLDING BERHAD,Chemicals,-5.000000000000004,-343.1654676258993,-2.5,-10.82,-107.11364028776978
5156,XIDELANG HOLDINGS LTD,Personal Goods,20.5859065716548,-383.33333333333337,-1.8,-1.04,-109.39222802850357
5105,CAN-ONE BERHAD,Packaging Materials,8.937397034596373,-335.064935064935,-5.7,-52.32,-109.44226140910159
5649,GOLDEN PHAROS BERHAD,Wood & Wood Products,-20.149253731343286,-348.7917146144994,-5.1,-2.85,-112.2722905037528
6009,PACIFIC & ORIENT BERHAD,Insurance,6.715328467153281,-365.8119658119658,-19.4,-19.37,-115.48299120344375
7315,AHB HOLDINGS BERHAD,Consumer Services,-68.0,-369.7495183044316,-3.6,-0.2,-132.08485549132948
0127,JHM CONSOLIDATION BERHAD,Semiconductors,-47.0661672908864,-390.7407407407408,-5.3,-2.59,-132.92007240948817
9377,FSBM HOLDINGS BERHAD,Technology Equipment,96.15384615384616,-545.3441295546559,-4.4,-0.22,-135.68108502024293
5072,HIAP TECK VENTURE BERHAD,Metals,-1.423312883435579,-469.1489361702128,2.4,1.99,-140.29367471609453
1538,SYMPHONY LIFE BERHAD,Property,-57.14285714285714,-415.38461538461536,-0.4,-0.63,-141.96424175824177
5028,HEITECH PADU BERHAD,Digital Services,72.08201892744479,-571.4285714285714,4.1,5.91,-147.80196575033798
8397,TIONG NAM LOGISTICS HOLDINGS BERHAD,Transportation & Logistics Services,18.69209809264305,-525.0,-0.5,-0.99,-152.1903705722071
5085,MUDAJAYA GROUP BERHAD,Construction,-41.22383252818036,-472.00000000000006,5.5,0.99,-152.66914975845413
5371,KIM HIN INDUSTRY BERHAD,Building Materials,-2.5445292620865145,-512.1475054229935,-1.3,-2.72,-155.211610405524
7498,RALCO CORPORATION BERHAD,Chemicals,-13.33333333333333,-505.2631578947368,-6.0,-4.59,-157.69694736842104
8605,FEDERAL INTERNATIONAL HOLDINGS BERHAD,Houshold Goods,-19.24528301886792,-507.40740740740745,-1.0,-0.77,-158.3498071278826
7146,AE MULTI HOLDINGS BERHAD,"Industrial Materials, Components & Equipment",-24.69135802469136,-501.5037593984962,-8.8,-2.2,-160.05853522695625
5016,WARISAN TC HOLDINGS BERHAD,"Travel, Leisure & Hospitality",47.83464566929134,-602.4793388429753,-0.7,-2.56,-167.04540795210517
3948,DUTALAND BERHAD,Plantation,72.69155206286837,-649.4145199063232,-0.5,-0.78,-173.27289035303644
9423,CWG HOLDINGS BERHAD,Consumer Services,10.909090909090914,-621.0526315789474,-0.9,-0.54,-183.33106220095695
9334,KESM INDUSTRIES BERHAD,Semiconductors,-16.850393700787404,-591.2663755458516,-1.3,-10.53,-184.80103077399167
3778,MELEWAR INDUSTRIAL GROUP BERHAD,Metals,21.802679658952503,-660.1659751037344,-0.7,-0.76,-191.8009886334345
7192,GIIB HOLDINGS BERHAD,Auto Parts,8.000000000000007,-651.6339869281046,-5.1,-0.35,-194.18019607843138
7676,G CAPITAL BERHAD,Transportation & Logistics Services,-56.14035087719298,-642.7408412483039,-4.6,-1.24,-210.83235763764904
7145,TXCD BERHAD,Construction,-73.66412213740459,-610.9947643979058,0.0,-31.3,-211.6576659605931
7202,HEXTAR RETAIL BERHAD,Houshold Goods,38.99999999999999,-757.439446366782,-0.9,-0.38,-215.7878339100346
8613,ENRA GROUP BERHAD,"Energy, Infrastructure, Equipment & Services",-38.46153846153846,-690.273556231003,-13.1,-5.25,-222.29052840776245
0043,METRONIC GLOBAL BERHAD,Industrial Services,-87.55813953488372,-652.9411764705882,-16.7,-1.67,-225.82379480164155
5082,ANNUM BERHAD,Wood & Wood Products,-89.31506849315069,-715.7894736842105,15.5,5.13,-237.40536265320836
9083,KUMPULAN JETSON BERHAD,Auto Parts,12.418300653594772,-869.3877551020408,-2.3,-0.51,-257.65283633453373
8877,EKOVEST BERHAD,Construction,-0.5516734093416686,-903.225806451613,-1.1,-0.84,-271.52124395828645
5256,REACH ENERGY BERHAD,Oil & Gas Producers,-19.16167664670658,-892.4242424242424,-0.5,-0.03,-273.58177572128466
7036,BORNEO OIL BERHAD,Industrial Services,13.609467455621305,-928.421052631579,-21.8,-1.31,-279.06547555278735
5175,IVORY PROPERTIES GROUP BERHAD,Property,5.000000000000004,-988.4615384615385,62.8,9.42,-280.59446153846153
7003,Y&G CORPORATION BHD,Property,-12.765957446808518,-922.7848101265822,-0.8,-1.18,-281.0612302720172
5099,CAPITAL A BERHAD,"Travel, Leisure & Hospitality",16.666666666666675,-994.854586129754,-23.8,38.1,-290.5963758389262
5218,SAPURA ENERGY BERHAD,"Energy, Infrastructure, Equipment & Services",9.090909090909085,-1048.5436893203885,8.0,-1.59,-310.55383406884374
5022,PAOS HOLDINGS BERHAD,Houshold Goods,-51.34493670886076,-1028.2608695652175,-1.0,-0.47,-324.17574188222346
5172,SINARAN ADVANCE GROUP BERHAD,Personal Goods,-31.999999999999996,-1000.0,-73.7,-1.32,-324.60400000000004
9016,EKSONS CORPORATION BERHAD,Wood & Wood Products,-81.66666666666667,-1000.0,-6.6,-14.96,-328.812
0159,MMM GROUP BERHAD,Media,-5.263157894736848,-1133.8983050847455,-5.2,-0.2,-342.82843889384475
1589,ISKANDAR WATERFRONT CITY BERHAD,Property,-23.529411764705888,-1122.7272727272727,-0.2,-0.19,-343.9550053475936
5010,TONG HERR RESOURCES BERHAD,Metals,8.210689388071257,-1165.2173913043478,-1.9,-6.41,-348.7640105748829
3395,BERJAYA CORPORATION BERHAD,Diversified Industrials,-15.384615384615383,-1162.6582278481014,-2.8,-2.87,-354.54685296981506
7251,BARAKAH OFFSHORE PETROLEUM BERHAD,"Energy, Infrastructure, Equipment & Services",-21.908127208480565,-1196.2566844919784,-37.9,-0.81,-373.1914435101377
8486,LION POSIM BERHAD,Industrial Services,8.483439860546206,-1284.2105263157896,0.4,1.19,-382.40012593657303
5081,ESTHETICS INTERNATIONAL GROUP BERHAD,Personal Goods,-4.925053533190582,-1303.7037037037037,-3.6,-2.32,-393.7726271710683
5297,TUJU SETIA BERHAD,Construction,-14.66489714664897,-1338.9380530973451,2.0,0.43,-405.5948850731982
9679,WCT HOLDINGS BERHAD,Construction,-11.90092629883206,-1382.9629629629628,5.6,12.0,-414.9391667785385
7163,PJBUMI BERHAD,Industrial Services,652.3809523809524,-2060.0,-2.5,-0.72,-422.9297142857143
3913,MUI PROPERTIES BERHAD,Property,81.67539267015707,-1509.8226466575718,-3.4,-1.59,-429.4421761962244
7218,TRANSOCEAN HOLDINGS BHD,Transportation & Logistics Services,-24.752475247524753,-1429.113924050633,-3.6,-3.2,-437.5199197894473
7209,CHEETAH HOLDINGS BERHAD,Personal Goods,-4.417670682730924,-1662.5899280575538,-8.8,-2.02,-502.2662796220854
5436,PERUSAHAAN SADUR TIMAH MALAYSIA (PERSTIMA) BHD,Metals,16.925182481751833,-1911.4942528735633,-1.6,-5.42,-569.7747211175434
7013,HUBLINE BERHAD,Transportation & Logistics Services,-9.281961471103328,-2042.857142857143,2.0,0.08,-615.225731298474
6297,BOX-PAK (MALAYSIA) BERHAD,Packaging Materials,1.7459361830222786,-2357.496136012365,-17.9,-13.23,-712.9510599488027
5171,KIMLUN CORPORATION BERHAD,Construction,52.28020686412789,-2645.4545454545455,0.4,0.79,-777.7143015771252
5095,HEVEABOARD BERHAD,Wood & Wood Products,13.85281385281385,-2810.843373493976,-2.2,-1.58,-839.8531678923487
7106,SUPERMAX CORPORATION BERHAD,Health Care Equipment & Services,26.235955056179773,-2976.190476190476,-1.6,-2.53,-885.8123563402888
7096,JOE HOLDING BERHAD,Auto Parts,-26.15384615384615,-3124.2990654205605,-4.2,-2.24,-946.4238734723219
9946,REX INDUSTRY BERHAD,Food & Beverages,10.45576407506703,-3240.3118040089084,13.4,2.15,-965.8468119801524
5401,TROPICANA CORPORATION BERHAD,Property,-49.87586891757696,-4316.504854368933,-11.7,-20.07,-1316.2682169859527
7217,EONMETALL GROUP BERHAD,Metals,-14.70588235294118,-4544.444444444444,-1.2,-2.31,-1368.4470980392157
4324,HENGYUAN REFINING COMPANY BERHAD,Oil & Gas Producers,63.99999999999999,-7961.904761904762,-14.3,-55.04,-2383.2394285714286
7544,QUALITY CONCRETE HOLDINGS BERHAD,Building Materials,-27.290076335877867,-10719.67213114754,-8.0,-11.37,-3227.9626622450246
0091,PROPEL GLOBAL BERHAD,"Energy, Infrastructure, Equipment & Services",24.27536231884058,-14162.5,-4.5,-0.69,-4242.5053913043475
2283,ZELAN BERHAD,Construction,67.07317073170734,-16618.75,-14.1,-2.54,-4968.831048780487
3204,GEORGE KENT (MALAYSIA) BERHAD,Construction,-20.95490716180371,-20290.47619047619,-4.5,-4.07,-6095.143329291398
5568,APB RESOURCES BERHAD,Industrial Engineering,59.28571428571428,-30697.014925373132,-63.4,-54.5,-9214.898763326226
0126,MICROLINK SOLUTIONS BERHAD,Digital Services,45.5483870967742,-67639.68253968254,-72.1,-7.93,-20294.24624577573
5107,IQ GROUP HOLDINGS BERHAD,Houshold Goods,6.072874493927127,-69900.0,-4.1,-5.56,-20970.110137651824
